DateCollected,Site,ReproShootID,RhipidiumNumber,RhipidiumHt,SpatheStage,Seeds
2024-05-13,FSB,1,1,,PS,
2024-05-13,FSB,1,2,,0,
2024-05-13,FSB,1,3,,PS,
2024-05-13,FSB,2,1,,PS,
2024-05-13,FSB,2,2,,PS,
2024-05-13,FSB,2,3,,PS,
2024-05-13,FSB,2,4,,PS,
2024-05-13,NCB,1,1,,PS,
2024-05-13,NCB,1,2,,PS,
2024-05-30,FSB,1,1,,0,
2024-05-30,FSB,1,2,,0,
2024-05-30,FSB,1,3,,0,
2024-05-30,FSB,1,4,,0,
2024-05-30,FSB,1,5,,0,
2024-05-30,FSB,2,1,,0,
2024-05-30,FSB,2,2,,PS,
2024-05-30,FSB,2,2,,0,
2024-05-30,FSB,2,2,,0,
2024-05-30,FSB,2,3,,0,
2024-05-30,FSB,2,3,,1,
2024-05-30,FSB,2,4,,unk,
2024-05-30,FSB,2,4,,0,
2024-05-30,FSB,2,5,,0,
2024-05-30,FSB,2,5,,1,
2024-05-30,FSB,3,1,,0,
2024-05-30,FSB,3,2,,PS,
2024-05-30,FSB,3,3,,0,
2024-05-30,FSB,3,4,,PS,
2024-05-30,FSB,4,1,,0,
2024-05-30,FSB,4,2,,0,
2024-05-30,FSB,4,3,,0,
2024-05-30,FSB,4,4,,PS,
2024-05-30,FSB,4,5,,PS,
2024-05-30,FSB,5,1,,PS,
2024-05-30,FSB,5,2,,PS,
2024-05-30,FSB,5,2,,0,
2024-05-30,FSB,5,3,,0,
2024-05-30,FSB,5,4,,0,
2024-05-30,FSB,5,5,,PS,
2024-05-30,FSB,5,6,,0,
2024-05-30,NCB,1,1,,PS,
2024-05-30,NCB,1,1,,0,
2024-05-30,NCB,1,2,,PS,
2024-05-30,NCB,1,2,,0,
2024-05-30,NCB,1,3,,PS,
2024-05-30,NCB,1,4,,PS,
2024-05-30,NCB,1,5,,0,
2024-05-30,NCB,2,1,,PS,
2024-05-30,NCB,2,1,,0,
2024-05-30,NCB,2,2,,PS,
2024-05-30,NCB,2,2,,0,
2024-05-30,NCB,2,3,,0,
2024-05-30,NCB,2,4,,PS,
2024-05-30,NCB,2,5,,0,
2024-05-30,NCB,3,1,,PS,
2024-05-30,NCB,3,1,,0,
2024-05-30,NCB,3,2,,PS,
2024-05-30,NCB,3,2,,0,
2024-05-30,NCB,3,3,,0,
2024-05-30,NCB,3,4,,0,
2024-05-30,NCB,3,5,,PS,
2024-05-30,NCB,4,1,,0,
2024-05-30,NCB,4,2,,PS,
2024-05-30,NCB,4,3,,PS,
2024-05-30,NCB,4,4,,PS,
2024-05-30,NCB,5,1,,PS,
2024-05-30,NCB,5,1,,0,
2024-05-30,NCB,5,2,,PS,
2024-05-30,NCB,5,2,,0,
2024-05-30,NCB,5,3,,0,
2024-06-12,FSB,1,1,,1,
2024-06-12,FSB,1,1,,PS,
2024-06-12,FSB,1,2,,0,
2024-06-12,FSB,1,2,,0,
2024-06-12,FSB,1,3,,0,
2024-06-12,FSB,1,3,,PS,
2024-06-12,FSB,1,4,,PS,
2024-06-12,FSB,1,4,,0,
2024-06-12,FSB,2,1,,3.5,
2024-06-12,FSB,2,2,,3.5,
2024-06-12,FSB,2,2,,0,
2024-06-12,FSB,2,3,,0,
2024-06-12,FSB,2,3,,1,
2024-06-12,FSB,2,4,,PS,
2024-06-12,FSB,2,4,,1,
2024-06-12,FSB,2,5,,0,
2024-06-12,FSB,2,5,,3.5,
2024-06-12,FSB,3,1,,3.5,
2024-06-12,FSB,3,1,,0,
2024-06-12,FSB,3,2,,0,
2024-06-12,FSB,3,2,,1,
2024-06-12,FSB,3,3,,PS,
2024-06-12,FSB,3,3,,0,
2024-06-12,FSB,4,1,,PS,
2024-06-12,FSB,4,1,,PS,
2024-06-12,FSB,4,1,,1,
2024-06-12,FSB,4,2,,PS,
2024-06-12,FSB,4,2,,0,
2024-06-12,FSB,4,2,,1,
2024-06-12,FSB,4,3,,0,
2024-06-12,FSB,4,3,,1,
2024-06-12,FSB,4,4,,PS,
2024-06-12,FSB,5,1,,1,
2024-06-12,FSB,5,2,,PS,
2024-06-12,FSB,5,2,,1,
2024-06-12,FSB,5,3,,PS,
2024-06-12,FSB,5,3,,0,
2024-06-12,FSB,5,4,,0,
2024-06-12,FSB,5,5,,0,
2024-06-12,FSB,5,5,,1,
2024-06-12,NCB,1,1,,unk,
2024-06-12,NCB,1,1,,0,
2024-06-12,NCB,1,1,,0,
2024-06-12,NCB,1,2,,0,
2024-06-12,NCB,1,2,,1,
2024-06-12,NCB,1,2,,3.5,
2024-06-12,NCB,1,3,,PS,
2024-06-12,NCB,1,3,,0,
2024-06-12,NCB,1,3,,0,
2024-06-12,NCB,1,4,,PS,
2024-06-12,NCB,1,4,,0,
2024-06-12,NCB,1,5,,0,
2024-06-12,NCB,1,5,,0,
2024-06-12,NCB,2,1,,3.5,
2024-06-12,NCB,2,1,,1,
2024-06-12,NCB,2,2,,3.5,
2024-06-12,NCB,2,2,,1,
2024-06-12,NCB,2,3,,0,
2024-06-12,NCB,2,3,,0,
2024-06-12,NCB,2,4,,PS,
2024-06-12,NCB,2,4,,1,
2024-06-12,NCB,2,5,,3.5,
2024-06-12,NCB,2,6,,PS,
2024-06-12,NCB,2,6,,1,
2024-06-12,NCB,3,1,,PS,
2024-06-12,NCB,3,1,,3.5,
2024-06-12,NCB,3,1,,3.5,
2024-06-12,NCB,3,2,,3,
2024-06-12,NCB,3,2,,1,
2024-06-12,NCB,3,3,,3,
2024-06-12,NCB,3,3,,1,
2024-06-12,NCB,3,4,,0,
2024-06-12,NCB,3,4,,1,
2024-06-12,NCB,3,5,,3.5,
2024-06-12,NCB,3,5,,1,
2024-06-12,NCB,4,1,,PS,
2024-06-12,NCB,4,1,,0,
2024-06-12,NCB,4,1,,1,
2024-06-12,NCB,4,1,,1,
2024-06-12,NCB,4,2,,3.5,
2024-06-12,NCB,4,2,,0,
2024-06-12,NCB,4,2,,PS,
2024-06-12,NCB,4,3,,0,
2024-06-12,NCB,4,3,,0,
2024-06-12,NCB,4,3,,0,
2024-06-12,NCB,4,4,,0,
2024-06-12,NCB,4,4,,PS,
2024-06-12,NCB,4,5,,0,
2024-06-12,NCB,4,6,,PS,
2024-06-12,NCB,4,6,,1,
2024-06-12,NCB,5,1,,3.5,
2024-06-12,NCB,5,1,,0,
2024-06-12,NCB,5,1,,1,
2024-06-12,NCB,5,2,,unk,
2024-06-12,NCB,5,3,,3.5,
2024-06-12,NCB,5,3,,3.5,
2024-06-12,NCB,5,3,,PS,
2024-06-12,NCB,5,4,,0,
2024-06-12,NCB,5,5,,PS,
2024-06-12,NCB,5,5,,0,
2024-06-12,NSGNB,1,1,,PS,
2024-06-12,NSGNB,1,1,,1,
2024-06-12,NSGNB,1,2,,0,
2024-06-12,NSGNB,1,2,,PS,
2024-06-12,NSGNB,1,3,,0,
2024-06-12,NSGNB,1,4,,PS,
2024-06-12,NSGNB,1,5,,PS,
2024-06-12,NSGNB,2,1,,PS,
2024-06-12,NSGNB,2,2,,0,
2024-06-12,NSGNB,2,3,,0,
2024-06-12,NSGNB,2,4,,PS,
2024-06-12,NSGNB,2,5,,PS,
2024-06-12,NSGNB,3,1,,PS,
2024-06-12,NSGNB,3,1,,1,
2024-06-12,NSGNB,3,2,,PS,
2024-06-12,NSGNB,3,2,,1,
2024-06-12,NSGNB,3,3,,PS,
2024-06-12,NSGNB,3,3,,0,
2024-06-12,NSGNB,3,4,,0,
2024-06-12,NSGNB,3,4,,1,
2024-06-27,FMI,1,1,,1,
2024-06-27,FMI,1,2,,0,
2024-06-27,FMI,1,3,,0,
2024-06-27,FMI,1,4,,4,
2024-06-27,FMI,2,1,,0,
2024-06-27,FMI,2,2,,0,
2024-06-27,FMI,2,2,,1,
2024-06-27,FMI,2,3,,0,
2024-06-27,FMI,2,3,,1,
2024-06-27,FMI,2,4,,PS,
2024-06-27,FMI,2,4,,0,
2024-06-27,FMI,2,5,,0,
2024-06-27,FMI,2,5,,1,
2024-06-27,FPT,1,1,,3.5,10
2024-06-27,FPT,1,1,,1,
2024-06-27,FPT,1,2,,1,
2024-06-27,FPT,1,2,,0,
2024-06-27,FPT,1,3,,PS,
2024-06-27,FPT,1,3,,1,
2024-06-27,FPT,1,4,,PS,
2024-06-27,FPT,1,4,,1,
2024-06-27,FPT,2,1,,unk,
2024-06-27,FPT,2,2,,PS,
2024-06-27,FPT,2,3,,PS,
2024-06-27,FPT,2,4,,PS,
2024-06-27,FPT,3,1,,unk,
2024-06-27,FPT,3,1,,0,
2024-06-27,FPT,3,1,,3,
2024-06-27,FPT,3,2,,1,
2024-06-27,FPT,3,2,,3.5,11
2024-06-27,FPT,3,2,,0,
2024-06-27,FPT,3,3,,3,
2024-06-27,FPT,3,3,,0,
2024-06-27,FPT,3,4,,1,
2024-06-27,FPT,3,4,,3.5,10
2024-06-27,FPT,3,4,,0,
2024-06-27,FPT,3,5,,0,
2024-06-27,FPT,3,5,,2,
2024-06-27,FPT,3,6,,PS,
2024-06-27,FPT,3,6,,1,
2024-06-27,FPT,3,6,,1,
2024-06-27,FPT,3,6,,0,
2024-06-27,FPT,4,1,,0,
2024-06-27,FPT,4,1,,0,
2024-06-27,FPT,4,1,,3,
2024-06-27,FPT,4,2,,PS,
2024-06-27,FPT,4,2,,1,
2024-06-27,FPT,4,2,,3,
2024-06-27,FPT,4,3,,PS,
2024-06-27,FPT,4,3,,0,
2024-06-27,FPT,4,3,,3,
2024-06-27,FPT,4,4,,0,
2024-06-27,FPT,4,4,,1,
2024-06-27,FPT,4,5,,PS,
2024-06-27,FPT,4,5,,0,
2024-06-27,FPT,4,6,,1,
2024-06-27,FPT,4,6,,0,
2024-06-27,FSB,1,1,,unk,
2024-06-27,FSB,1,2,,unk,
2024-06-27,FSB,1,3,,0,
2024-06-27,FSB,1,3,,1,
2024-06-27,FSB,1,4,,PS,
2024-06-27,FSB,1,4,,1,
2024-06-27,FSB,1,5,,0,
2024-06-27,FSB,1,5,,1,
2024-06-27,FSB,2,1,,unk,
2024-06-27,FSB,2,2,,0,
2024-06-27,FSB,2,2,,0,
2024-06-27,FSB,2,3,,PS,
2024-06-27,FSB,2,3,,0,
2024-06-27,FSB,2,4,,0,
2024-06-27,FSB,2,5,,0,
2024-06-27,FSB,3,1,,unk,
2024-06-27,FSB,3,2,,0,
2024-06-27,FSB,3,2,,1,
2024-06-27,FSB,3,3,,2,
2024-06-27,FSB,3,3,,0,
2024-06-27,FSB,4,1,,4,5
2024-06-27,FSB,4,1,,4,7
2024-06-27,FSB,4,1,,0,
2024-06-27,FSB,4,1,,0,
2024-06-27,FSB,4,2,,4,7
2024-06-27,FSB,4,2,,4,5
2024-06-27,FSB,4,2,,0,
2024-06-27,FSB,4,2,,unk,
2024-06-27,FSB,4,3,,1,
2024-06-27,FSB,4,3,,0,
2024-06-27,FSB,4,4,,0,
2024-06-27,FSB,4,4,,0,
2024-06-27,FSB,4,4,,unk,
2024-06-27,FSB,4,4,,unk,
2024-06-27,FSB,5,1,,3.5,11
2024-06-27,FSB,5,1,,3.5,9
2024-06-27,FSB,5,1,,PS,
2024-06-27,FSB,5,2,,3.5,11
2024-06-27,FSB,5,2,,0,
2024-06-27,FSB,5,2,,1,
2024-06-27,FSB,5,3,,3.5,11
2024-06-27,FSB,5,3,,1,
2024-06-27,FSB,5,4,,unk,
2024-06-27,FSB,5,5,,0,
2024-06-27,FSB,5,5,,1,
2024-06-27,NCB,1,1,,unk,
2024-06-27,NCB,1,1,,0,
2024-06-27,NCB,1,2,,PS,
2024-06-27,NCB,1,2,,0,
2024-06-27,NCB,1,3,,unk,
2024-06-27,NCB,1,4,,0,
2024-06-27,NCB,2,1,,PS,
2024-06-27,NCB,2,1,,0,
2024-06-27,NCB,2,1,,0,
2024-06-27,NCB,2,1,,3,
2024-06-27,NCB,2,2,,3.5,14
2024-06-27,NCB,2,2,,0,
2024-06-27,NCB,2,2,,1,
2024-06-27,NCB,2,3,,1,
2024-06-27,NCB,2,3,,0,
2024-06-27,NCB,2,3,,0,
2024-06-27,NCB,2,4,,0,
2024-06-27,NCB,2,4,,0,
2024-06-27,NCB,2,5,,3,
2024-06-27,NCB,2,5,,0,
2024-06-27,NCB,2,5,,1,
2024-06-27,NCB,3,1,,PS,
2024-06-27,NCB,3,1,,PS,
2024-06-27,NCB,3,1,,1,
2024-06-27,NCB,3,1,,1,
2024-06-27,NCB,3,2,,3,
2024-06-27,NCB,3,2,,0,
2024-06-27,NCB,3,2,,0,
2024-06-27,NCB,3,2,,1,
2024-06-27,NCB,3,3,,3.5,11
2024-06-27,NCB,3,3,,PS,
2024-06-27,NCB,3,3,,0,
2024-06-27,NCB,3,4,,0,
2024-06-27,NCB,3,4,,0,
2024-06-27,NCB,3,5,,0,
2024-06-27,NCB,3,5,,1,
2024-06-27,NCB,3,5,,2,
2024-06-27,NCB,4,1,,0,
2024-06-27,NCB,4,2,,3.5,11
2024-06-27,NCB,4,2,,0,
2024-06-27,NCB,4,3,,3.5,14
2024-06-27,NCB,4,3,,0,
2024-06-27,NCB,4,4,,0,
2024-06-27,NCB,4,4,,1,
2024-06-27,NCB,4,5,,3.5,10
2024-06-27,NCB,4,5,,0,
2024-06-27,NCB,4,5,,1,
2024-06-27,NCB,5,1,,unk,
2024-06-27,NCB,5,2,,0,
2024-06-27,NCB,5,2,,0,
2024-06-27,NCB,5,2,,2,
2024-06-27,NCB,5,2,,3,
2024-06-27,NCB,5,2,,3.5,13
2024-06-27,NCB,5,3,,0,
2024-06-27,NCB,5,3,,2,
2024-06-27,NCB,5,3,,3,
2024-06-27,NCB,5,4,,1,
2024-06-27,NCB,5,4,,3,
2024-06-27,NCB,5,5,,0,
2024-06-27,NCB,5,5,,3,
2024-06-27,NSGNB,1,1,,0,
2024-06-27,NSGNB,1,1,,3.5,9
2024-06-27,NSGNB,1,2,,2,
2024-06-27,NSGNB,1,2,,0,
2024-06-27,NSGNB,1,3,,PS,
2024-06-27,NSGNB,1,3,,1,
2024-06-27,NSGNB,1,4,,PS,
2024-06-27,NSGNB,1,4,,0,
2024-06-27,NSGNB,1,5,,PS,
2024-06-27,NSGNB,1,5,,0,
2024-06-27,NSGNB,2,1,,3.5,10
2024-06-27,NSGNB,2,1,,3.5,13
2024-06-27,NSGNB,2,1,,1,
2024-06-27,NSGNB,2,1,,0,
2024-06-27,NSGNB,2,2,,3,
2024-06-27,NSGNB,2,2,,3.5,5
2024-06-27,NSGNB,2,2,,PS,
2024-06-27,NSGNB,2,2,,0,
2024-06-27,NSGNB,2,3,,3.5,11
2024-06-27,NSGNB,2,3,,0,
2024-06-27,NSGNB,2,3,,0,
2024-06-27,NSGNB,2,3,,PS,
2024-06-27,NSGNB,2,4,,3.5,12
2024-06-27,NSGNB,2,5,,3.5,13
2024-06-27,NSGNB,2,5,,2,
2024-06-27,NSGNB,2,5,,0,
2024-06-27,NSGNB,3,1,,0,
2024-06-27,NSGNB,3,1,,2,
2024-06-27,NSGNB,3,2,,0,
2024-06-27,NSGNB,3,2,,0,
2024-06-27,NSGNB,3,2,,PS,
2024-06-27,NSGNB,3,2,,unk,
2024-06-27,NSGNB,3,3,,2,
2024-06-27,NSGNB,3,3,,0,
2024-06-27,NSGNB,3,3,,PS,
2024-06-27,NSGNB,3,4,,0,
2024-06-27,NSGNB,3,4,,PS,
2024-06-27,NSGNB,3,5,,1,
2024-06-27,NSGNB,3,5,,0,
2024-06-27,NSGNB,3,5,,PS,
2024-06-27,NSGNB,4,1,,0,
2024-06-27,NSGNB,4,1,,1,
2024-06-27,NSGNB,4,1,,PS,
2024-06-27,NSGNB,4,2,,0,
2024-06-27,NSGNB,4,2,,2,
2024-06-27,NSGNB,4,3,,PS,
2024-06-27,NSGNB,4,3,,1,
2024-06-27,NSGNB,4,4,,PS,
2024-06-27,NSGNB,4,4,,0,
2024-06-27,NSGNB,4,5,,PS,
2024-06-27,NSGNB,4,5,,0,
2024-06-27,NSGNB,5,1,,3.5,12
2024-06-27,NSGNB,5,1,,0,
2024-06-27,NSGNB,5,2,,3.5,12
2024-06-27,NSGNB,5,2,,1,
2024-06-27,NSGNB,5,3,,0,
2024-06-27,NSGNB,5,3,,3.5,13
2024-06-27,NSGNB,5,4,,PS,
2024-06-27,NSGNB,5,4,,2,
2024-06-27,NSGNB,5,5,,PS,
2024-06-27,NSGNB,5,5,,0,
2024-06-27,NSGNB,5,5,,2,
2024-07-11,FMI,1,1,29.5,1,
2024-07-11,FMI,1,1,29.5,PS,
2024-07-11,FMI,1,2,29.5,PS,
2024-07-11,FMI,1,3,29.5,PS,
2024-07-11,FMI,2,1,51.5,1,
2024-07-11,FMI,2,1,51.5,PS,
2024-07-11,FMI,2,1,51.5,3.5,10
2024-07-11,FMI,2,1,51.5,0,
2024-07-11,FMI,2,1,51.5,PS,
2024-07-11,FMI,2,2,51.5,3.5,11
2024-07-11,FMI,2,2,51.5,1,
2024-07-11,FMI,2,3,51.5,3.5,11
2024-07-11,FMI,2,3,51.5,0,
2024-07-11,FMI,2,3,51.5,PS,
2024-07-11,FMI,2,4,51.5,0,
2024-07-11,FMI,2,4,51.5,0,
2024-07-11,FMI,2,5,51.5,3,
2024-07-11,FMI,2,5,51.5,0,
2024-07-11,FMI,3,1,35,3.5,11
2024-07-11,FMI,3,1,35,0,
2024-07-11,FMI,3,1,35,0,
2024-07-11,FMI,3,1,35,PS,
2024-07-11,FMI,3,2,35,0,
2024-07-11,FMI,3,2,35,unk,
2024-07-11,FMI,4,1,48,0,
2024-07-11,FMI,4,1,48,PS,
2024-07-11,FMI,4,2,48,1,
2024-07-11,FMI,4,2,48,PS,
2024-07-11,FMI,4,3,48,0,
2024-07-11,FMI,4,3,48,PS,
2024-07-11,FMI,4,4,48,0,
2024-07-11,FMI,5,1,56,3,
2024-07-11,FMI,5,1,56,0,
2024-07-11,FMI,5,1,56,0,
2024-07-11,FMI,5,1,56,PS,
2024-07-11,FMI,5,2,56,3.5,9
2024-07-11,FMI,5,2,56,1,
2024-07-11,FMI,5,2,56,PS,
2024-07-11,FMI,5,3,56,3.5,9
2024-07-11,FMI,5,3,56,0,
2024-07-11,FMI,5,4,56,1,
2024-07-11,FMI,5,4,56,PS,
2024-07-11,FMI,5,5,56,3,
2024-07-11,FMI,5,5,56,1,
2024-07-11,FMI,5,5,56,0,
2024-07-11,FMI,5,5,56,PS,
2024-07-11,FPT,1,1,56.5,3.5,7
2024-07-11,FPT,1,1,56.5,0,
2024-07-11,FPT,1,2,56.5,0,
2024-07-11,FPT,1,2,56.5,PS,
2024-07-11,FPT,1,3,56.5,0,
2024-07-11,FPT,1,3,56.5,PS,
2024-07-11,FPT,1,4,56.5,PS,
2024-07-11,FPT,2,1,50,3,
2024-07-11,FPT,2,1,50,PS,
2024-07-11,FPT,2,2,50,1,
2024-07-11,FPT,2,2,50,PS,
2024-07-11,FPT,2,3,50,0,
2024-07-11,FPT,2,3,50,PS,
2024-07-11,FPT,2,4,50,PS,
2024-07-11,FPT,3,1,76,1,
2024-07-11,FPT,3,1,76,1,
2024-07-11,FPT,3,1,76,0,
2024-07-11,FPT,3,1,76,0,
2024-07-11,FPT,3,1,76,PS,
2024-07-11,FPT,3,2,76,3.5,11
2024-07-11,FPT,3,2,76,1,
2024-07-11,FPT,3,2,76,PS,
2024-07-11,FPT,3,3,76,3,
2024-07-11,FPT,3,3,76,0,
2024-07-11,FPT,3,4,76,1,
2024-07-11,FPT,3,4,76,PS,
2024-07-11,FPT,3,5,76,1,
2024-07-11,FPT,3,5,76,1,
2024-07-11,FPT,3,5,76,PS,
2024-07-11,FPT,4,1,79.5,1,
2024-07-11,FPT,4,1,79.5,PS,
2024-07-11,FPT,4,1,79.5,3.5,8
2024-07-11,FPT,4,1,79.5,1,
2024-07-11,FPT,4,1,79.5,PS,
2024-07-11,FPT,4,1,79.5,3.5,8
2024-07-11,FPT,4,1,79.5,3.5,9
2024-07-11,FPT,4,2,79.5,0,
2024-07-11,FPT,4,2,79.5,3.5,8
2024-07-11,FPT,4,2,79.5,3.5,8
2024-07-11,FPT,4,2,79.5,3.5,8
2024-07-11,FPT,4,3,79.5,2,
2024-07-11,FPT,4,3,79.5,0,
2024-07-11,FPT,4,3,79.5,4,9
2024-07-11,FPT,4,4,79.5,1,
2024-07-11,FPT,4,4,79.5,PS,
2024-07-11,FPT,4,4,79.5,3.5,9
2024-07-11,FPT,4,5,79.5,0,
2024-07-11,FPT,4,5,79.5,3,
2024-07-11,FPT,4,5,79.5,3.5,9
2024-07-11,FPT,4,6,79.5,3.5,9
2024-07-11,FPT,4,6,79.5,1,
2024-07-11,FPT,4,6,79.5,PS,
2024-07-11,FPT,4,6,79.5,3.5,8
2024-07-11,FPT,5,1,75,3.5,8
2024-07-11,FPT,5,1,75,0,
2024-07-11,FPT,5,1,75,PS,
2024-07-11,FPT,5,2,75,3.5,9
2024-07-11,FPT,5,2,75,2,
2024-07-11,FPT,5,2,75,0,
2024-07-11,FPT,5,3,75,3.5,9
2024-07-11,FPT,5,3,75,1,
2024-07-11,FPT,5,3,75,PS,
2024-07-11,FPT,5,4,75,3,
2024-07-11,FPT,5,4,75,PS,
2024-07-11,FPT,5,5,75,1,
2024-07-11,FPT,5,5,75,PS,
2024-07-11,FPT,5,6,75,3.5,9
2024-07-11,FPT,5,6,75,0,
2024-07-11,FPT,5,6,75,PS,
2024-07-11,FSB,1,1,69,3.5,6
2024-07-11,FSB,1,1,69,PS,
2024-07-11,FSB,1,1,69,3,
2024-07-11,FSB,1,1,69,4,4
2024-07-11,FSB,1,1,69,PS,
2024-07-11,FSB,1,1,69,3.5,7
2024-07-11,FSB,1,2,69,3.5,9
2024-07-11,FSB,1,2,69,1,
2024-07-11,FSB,1,2,69,PS,
2024-07-11,FSB,1,2,69,3.5,7
2024-07-11,FSB,1,2,69,0,
2024-07-11,FSB,1,2,69,unk,
2024-07-11,FSB,1,3,69,1,
2024-07-11,FSB,1,3,69,PS,
2024-07-11,FSB,1,3,69,3.5,8
2024-07-11,FSB,1,3,69,4,5
2024-07-11,FSB,1,4,69,unk,
2024-07-11,FSB,1,5,69,4,1
2024-07-11,FSB,1,5,69,0,
2024-07-11,FSB,1,5,69,3.5,9
2024-07-11,FSB,1,5,69,PS,
2024-07-11,FSB,2,1,54,3.5,8
2024-07-11,FSB,2,1,54,4,5
2024-07-11,FSB,2,1,54,3.5,11
2024-07-11,FSB,2,1,54,0,
2024-07-11,FSB,2,2,54,0,
2024-07-11,FSB,2,2,54,unk,
2024-07-11,FSB,2,2,54,3.5,9
2024-07-11,FSB,2,2,54,4,7
2024-07-11,FSB,2,2,54,PS,
2024-07-11,FSB,2,3,54,unk,
2024-07-11,FSB,2,4,54,4,9
2024-07-11,FSB,2,4,54,3,
2024-07-11,FSB,2,4,54,3.5,13
2024-07-11,FSB,2,4,54,unk,
2024-07-11,FSB,3,1,58,4,1
2024-07-11,FSB,3,1,58,unk,
2024-07-11,FSB,3,2,58,3.5,5
2024-07-11,FSB,3,2,58,4,3
2024-07-11,FSB,3,3,58,4,6
2024-07-11,FSB,3,3,58,3.5,5
2024-07-11,FSB,3,4,58,3.5,6
2024-07-11,FSB,3,4,58,4,5
2024-07-11,FSB,3,5,58,1,
2024-07-11,FSB,3,5,58,3.5,9
2024-07-11,FSB,4,1,65,unk,
2024-07-11,FSB,4,1,65,3.5,5
2024-07-11,FSB,4,1,65,PS,
2024-07-11,FSB,4,1,65,3.5,6
2024-07-11,FSB,4,1,65,4,5
2024-07-11,FSB,4,2,65,3.5,5
2024-07-11,FSB,4,2,65,4,4
2024-07-11,FSB,4,2,65,1,
2024-07-11,FSB,4,2,65,3.5,7
2024-07-11,FSB,4,2,65,4,6
2024-07-11,FSB,4,3,65,3,
2024-07-11,FSB,4,3,65,3.5,9
2024-07-11,FSB,4,4,65,4,5
2024-07-11,FSB,4,4,65,0,
2024-07-11,FSB,4,4,65,4,8
2024-07-11,FSB,5,1,65,4,6
2024-07-11,FSB,5,1,65,3.5,8
2024-07-11,FSB,5,2,65,1,
2024-07-11,FSB,5,2,65,4,5
2024-07-11,FSB,5,2,65,3.5,9
2024-07-11,FSB,5,2,65,0,
2024-07-11,FSB,5,2,65,3.5,9
2024-07-11,FSB,5,3,65,3.5,10
2024-07-11,FSB,5,3,65,0,
2024-07-11,FSB,5,3,65,4,11
2024-07-11,FSB,5,4,65,unk,
2024-07-11,FSB,5,5,65,3.5,9
2024-07-11,FSB,5,5,65,3.5,10
2024-07-11,FSB,5,5,65,0,
2024-07-11,FSB,5,5,65,4,10
2024-07-11,NCB,1,1,70.5,0,
2024-07-11,NCB,1,1,70.5,3.5,7
2024-07-11,NCB,1,1,70.5,3.5,10
2024-07-11,NCB,1,1,70.5,3,
2024-07-11,NCB,1,1,70.5,PS,
2024-07-11,NCB,1,1,70.5,0,
2024-07-11,NCB,1,1,70.5,3.5,10
2024-07-11,NCB,1,2,70.5,3.5,11
2024-07-11,NCB,1,2,70.5,0,
2024-07-11,NCB,1,2,70.5,PS,
2024-07-11,NCB,1,2,70.5,0,
2024-07-11,NCB,1,2,70.5,3.5,11
2024-07-11,NCB,1,2,70.5,3.5,12
2024-07-11,NCB,1,3,70.5,4,12
2024-07-11,NCB,1,3,70.5,3.5,12
2024-07-11,NCB,1,3,70.5,0,
2024-07-11,NCB,1,3,70.5,PS,
2024-07-11,NCB,1,4,70.5,unk,
2024-07-11,NCB,1,5,70.5,3.5,12
2024-07-11,NCB,1,5,70.5,3.5,14
2024-07-11,NCB,1,5,70.5,0,
2024-07-11,NCB,2,1,62,3.5,6
2024-07-11,NCB,2,1,62,3.5,7
2024-07-11,NCB,2,2,62,4,
2024-07-11,NCB,2,2,62,3.5,8
2024-07-11,NCB,2,2,62,0,
2024-07-11,NCB,2,3,62,3,
2024-07-11,NCB,2,3,62,3.5,9
2024-07-11,NCB,2,4,62,1,
2024-07-11,NCB,2,5,62,4,8
2024-07-11,NCB,2,5,62,3.5,
2024-07-11,NCB,2,5,62,0,
2024-07-11,NCB,3,1,64.5,4,
2024-07-11,NCB,3,1,64.5,3.5,9
2024-07-11,NCB,3,1,64.5,3,
2024-07-11,NCB,3,1,64.5,PS,
2024-07-11,NCB,3,1,64.5,PS,
2024-07-11,NCB,3,2,64.5,4,10
2024-07-11,NCB,3,2,64.5,3.5,10
2024-07-11,NCB,3,2,64.5,PS,
2024-07-11,NCB,3,3,64.5,3.5,15
2024-07-11,NCB,3,3,64.5,0,
2024-07-11,NCB,3,4,64.5,unk,
2024-07-11,NCB,3,4,64.5,unk,
2024-07-11,NCB,3,4,64.5,unk,
2024-07-11,NCB,4,1,69,3.5,9
2024-07-11,NCB,4,1,69,1,
2024-07-11,NCB,4,1,69,PS,
2024-07-11,NCB,4,1,69,4,5
2024-07-11,NCB,4,1,69,4,6
2024-07-11,NCB,4,1,69,3,
2024-07-11,NCB,4,1,69,0,
2024-07-11,NCB,4,1,69,PS,
2024-07-11,NCB,4,1,69,3.5,4
2024-07-11,NCB,4,2,69,4,2
2024-07-11,NCB,4,2,69,3.5,11
2024-07-11,NCB,4,2,69,0,
2024-07-11,NCB,4,2,69,0,
2024-07-11,NCB,4,2,69,4,11
2024-07-11,NCB,4,3,69,unk,
2024-07-11,NCB,4,4,69,4,8
2024-07-11,NCB,4,5,69,4,9
2024-07-11,NCB,4,5,69,3.5,12
2024-07-11,NCB,4,5,69,1,
2024-07-11,NCB,4,5,69,0,
2024-07-11,NCB,5,1,66,3.5,8
2024-07-11,NCB,5,1,66,4,7
2024-07-11,NCB,5,1,66,1,
2024-07-11,NCB,5,2,66,3.5,12
2024-07-11,NCB,5,2,66,0,
2024-07-11,NCB,5,2,66,PS,
2024-07-11,NCB,5,2,66,4,3
2024-07-11,NCB,5,3,66,4,6
2024-07-11,NCB,5,3,66,3.5,12
2024-07-11,NCB,5,3,66,0,
2024-07-11,NCB,5,3,66,PS,
2024-07-11,NCB,5,4,66,4,6
2024-07-11,NCB,5,4,66,3.5,13
2024-07-11,NCB,5,4,66,0,
2024-07-11,NCB,5,5,66,4,7
2024-07-11,NCB,5,5,66,3.5,13
2024-07-11,NCB,5,5,66,0,
2024-07-11,NCB,5,5,66,0,
2024-07-11,NSGNB,1,1,64,0,
2024-07-11,NSGNB,1,1,64,0,
2024-07-11,NSGNB,1,1,64,PS,
2024-07-11,NSGNB,1,2,64,0,
2024-07-11,NSGNB,1,2,64,0,
2024-07-11,NSGNB,1,2,64,PS,
2024-07-11,NSGNB,1,2,64,PS,
2024-07-11,NSGNB,1,3,64,0,
2024-07-11,NSGNB,1,3,64,0,
2024-07-11,NSGNB,1,4,64,0,
2024-07-11,NSGNB,1,4,64,0,
2024-07-11,NSGNB,1,5,64,1,
2024-07-11,NSGNB,1,5,64,PS,
2024-07-11,NSGNB,1,6,64,0,
2024-07-11,NSGNB,1,6,64,PS,
2024-07-11,NSGNB,1,6,64,PS,
2024-07-11,NSGNB,2,1,65,0,
2024-07-11,NSGNB,2,1,65,0,
2024-07-11,NSGNB,2,1,65,0,
2024-07-11,NSGNB,2,1,65,PS,
2024-07-11,NSGNB,2,2,65,3,
2024-07-11,NSGNB,2,2,65,0,
2024-07-11,NSGNB,2,3,65,0,
2024-07-11,NSGNB,2,3,65,PS,
2024-07-11,NSGNB,2,4,65,0,
2024-07-11,NSGNB,2,5,65,0,
2024-07-11,NSGNB,2,5,65,PS,
2024-07-11,NSGNB,3,1,62,0,
2024-07-11,NSGNB,3,1,62,PS,
2024-07-11,NSGNB,3,1,62,1,
2024-07-11,NSGNB,3,1,62,PS,
2024-07-11,NSGNB,3,1,62,3.5,12
2024-07-11,NSGNB,3,2,62,3.5,12
2024-07-11,NSGNB,3,2,62,0,
2024-07-11,NSGNB,3,2,62,PS,
2024-07-11,NSGNB,3,3,62,3.5,13
2024-07-11,NSGNB,3,3,62,1,
2024-07-11,NSGNB,3,4,62,0,
2024-07-11,NSGNB,3,4,62,PS,
2024-07-11,NSGNB,3,5,62,1,
2024-07-11,NSGNB,3,5,62,1,
2024-07-11,NSGNB,3,5,62,0,
2024-07-11,NSGNB,4,1,59.5,3.5,6
2024-07-11,NSGNB,4,1,59.5,PS,
2024-07-11,NSGNB,4,2,59.5,3.5,7
2024-07-11,NSGNB,4,2,59.5,0,
2024-07-11,NSGNB,4,3,59.5,3,
2024-07-11,NSGNB,4,3,59.5,0,
2024-07-11,NSGNB,4,4,59.5,1,
2024-07-11,NSGNB,4,4,59.5,PS,
2024-07-11,NSGNB,4,5,59.5,0,
2024-07-11,NSGNB,4,5,59.5,0,
2024-07-11,NSGNB,4,5,59.5,PS,
2024-07-11,NSGNB,5,1,75,3,
2024-07-11,NSGNB,5,1,75,PS,
2024-07-11,NSGNB,5,1,75,0,
2024-07-11,NSGNB,5,1,75,PS,
2024-07-11,NSGNB,5,1,75,0,
2024-07-11,NSGNB,5,1,75,PS,
2024-07-11,NSGNB,5,2,75,3.5,12
2024-07-11,NSGNB,5,2,75,0,
2024-07-11,NSGNB,5,2,75,0,
2024-07-11,NSGNB,5,2,75,PS,
2024-07-11,NSGNB,5,3,75,0,
2024-07-11,NSGNB,5,3,75,0,
2024-07-11,NSGNB,5,4,75,1,
2024-07-11,NSGNB,5,4,75,PS,
2024-07-11,NSGNB,5,5,75,0,
2024-07-11,NSGNB,5,5,75,PS,
2024-07-11,NSGNB,5,6,75,1,
2024-07-11,NSGNB,5,6,75,0,
2024-07-11,NSGNB,5,6,75,PS,
2024-07-26,FMI,1,1,49,1,
2024-07-26,FMI,1,1,49,0,
2024-07-26,FMI,1,2,49,1,
2024-07-26,FMI,1,2,49,0,
2024-07-26,FMI,1,3,49,0,
2024-07-26,FMI,1,3,49,PS,
2024-07-26,FMI,1,4,49,0,
2024-07-26,FMI,1,5,49,1,
2024-07-26,FMI,2,1,54,0,
2024-07-26,FMI,2,1,54,PS,
2024-07-26,FMI,2,2,54,1,
2024-07-26,FMI,2,2,54,PS,
2024-07-26,FMI,2,3,54,0,
2024-07-26,FMI,2,3,54,PS,
2024-07-26,FMI,2,4,54,PS,
2024-07-26,FMI,2,5,54,1,
2024-07-26,FMI,2,5,54,PS,
2024-07-26,FMI,3,1,58,1,
2024-07-26,FMI,3,1,58,1,
2024-07-26,FMI,3,1,58,0,
2024-07-26,FMI,3,1,58,1,
2024-07-26,FMI,3,2,58,1,
2024-07-26,FMI,3,2,58,1,
2024-07-26,FMI,3,2,58,2,
2024-07-26,FMI,3,3,58,3,
2024-07-26,FMI,3,3,58,2,
2024-07-26,FMI,3,4,58,2,
2024-07-26,FMI,3,4,58,1,
2024-07-26,FMI,3,5,58,2,
2024-07-26,FMI,3,5,58,4,
2024-07-26,FMI,4,1,40,4,
2024-07-26,FMI,4,2,40,unk,
2024-07-26,FMI,4,3,40,2,
2024-07-26,FMI,4,3,40,1,
2024-07-26,FMI,5,1,36,0,
2024-07-26,FMI,5,2,36,0,
2024-07-26,FMI,5,2,36,PS,
2024-07-26,FMI,5,3,36,PS,
2024-07-26,FMI,5,4,36,0,
2024-07-26,FPT,1,1,73,1,
2024-07-26,FPT,1,1,73,PS,
2024-07-26,FPT,1,1,73,2,
2024-07-26,FPT,1,1,73,1,
2024-07-26,FPT,1,1,73,0,
2024-07-26,FPT,1,1,73,4,3
2024-07-26,FPT,1,1,73,1,
2024-07-26,FPT,1,2,73,1,
2024-07-26,FPT,1,2,73,1,
2024-07-26,FPT,1,2,73,2,
2024-07-26,FPT,1,2,73,0,
2024-07-26,FPT,1,2,73,2,
2024-07-26,FPT,1,3,73,2,
2024-07-26,FPT,1,3,73,1,
2024-07-26,FPT,1,3,73,0,
2024-07-26,FPT,1,3,73,3.5,10
2024-07-26,FPT,1,4,73,2,
2024-07-26,FPT,1,4,73,0,
2024-07-26,FPT,1,4,73,1,
2024-07-26,FPT,1,5,73,2,
2024-07-26,FPT,1,5,73,2,
2024-07-26,FPT,1,5,73,PS,
2024-07-26,FPT,1,5,73,2,
2024-07-26,FPT,1,5,73,1,
2024-07-26,FPT,1,5,73,1,
2024-07-26,FPT,2,1,66,unk,
2024-07-26,FPT,2,1,66,1,
2024-07-26,FPT,2,1,66,0,
2024-07-26,FPT,2,1,66,4,4
2024-07-26,FPT,2,2,66,1,
2024-07-26,FPT,2,2,66,1,
2024-07-26,FPT,2,2,66,PS,
2024-07-26,FPT,2,2,66,1,
2024-07-26,FPT,2,2,66,2,
2024-07-26,FPT,2,3,66,2,
2024-07-26,FPT,2,3,66,0,
2024-07-26,FPT,2,3,66,1,
2024-07-26,FPT,2,3,66,3.5,9
2024-07-26,FPT,2,3,66,4,1
2024-07-26,FPT,2,4,66,2,
2024-07-26,FPT,2,4,66,1,
2024-07-26,FPT,2,4,66,2,
2024-07-26,FPT,2,4,66,2,
2024-07-26,FPT,2,5,66,1,
2024-07-26,FPT,2,5,66,1,
2024-07-26,FPT,2,5,66,0,
2024-07-26,FPT,2,5,66,3.5,unk
2024-07-26,FPT,2,6,66,0,
2024-07-26,FPT,2,6,66,PS,
2024-07-26,FPT,2,6,66,1,
2024-07-26,FPT,2,6,66,1,
2024-07-26,FPT,2,6,66,3.5,8
2024-07-26,FPT,3,1,43.5,2,
2024-07-26,FPT,3,1,43.5,0,
2024-07-26,FPT,3,2,43.5,PS,
2024-07-26,FPT,3,2,43.5,0,
2024-07-26,FPT,3,3,43.5,PS,
2024-07-26,FPT,3,3,43.5,PS,
2024-07-26,FPT,3,4,43.5,PS,
2024-07-26,FPT,4,1,76.5,1,
2024-07-26,FPT,4,1,76.5,1,
2024-07-26,FPT,4,1,76.5,0,
2024-07-26,FPT,4,2,76.5,1,
2024-07-26,FPT,4,2,76.5,1,
2024-07-26,FPT,4,2,76.5,0,
2024-07-26,FPT,4,3,76.5,1,
2024-07-26,FPT,4,3,76.5,1,
2024-07-26,FPT,4,3,76.5,0,
2024-07-26,FPT,4,3,76.5,unk,
2024-07-26,FPT,4,4,76.5,1,
2024-07-26,FPT,4,4,76.5,1,
2024-07-26,FPT,4,4,76.5,1,
2024-07-26,FPT,4,4,76.5,PS,
2024-07-26,FPT,4,5,76.5,1,
2024-07-26,FPT,4,5,76.5,PS,
2024-07-26,FPT,4,5,76.5,2,
2024-07-26,FPT,4,6,76.5,1,
2024-07-26,FPT,4,6,76.5,1,
2024-07-26,FPT,4,6,76.5,1,
2024-07-26,FPT,4,6,76.5,PS,
2024-07-26,FPT,5,1,76,1,
2024-07-26,FPT,5,1,76,1,
2024-07-26,FPT,5,1,76,PS,
2024-07-26,FPT,5,1,76,PS,
2024-07-26,FPT,5,1,76,1,
2024-07-26,FPT,5,1,76,1,
2024-07-26,FPT,5,1,76,4,3
2024-07-26,FPT,5,2,76,1,
2024-07-26,FPT,5,2,76,2,
2024-07-26,FPT,5,2,76,0,
2024-07-26,FPT,5,2,76,4,2
2024-07-26,FPT,5,3,76,1,
2024-07-26,FPT,5,3,76,1,
2024-07-26,FPT,5,3,76,0,
2024-07-26,FPT,5,3,76,3.5,8
2024-07-26,FPT,5,4,76,1,
2024-07-26,FPT,5,4,76,1,
2024-07-26,FPT,5,4,76,2,
2024-07-26,FPT,5,5,76,1,
2024-07-26,FPT,5,5,76,1,
2024-07-26,FPT,5,5,76,2,
2024-07-26,FPT,5,5,76,PS,
2024-07-26,FPT,5,6,76,1,
2024-07-26,FPT,5,6,76,1,
2024-07-26,FPT,5,6,76,3,
2024-07-26,FPT,5,6,76,PS,
2024-07-26,FSB,1,1,67,1,
2024-07-26,FSB,1,1,67,4,6
2024-07-26,FSB,1,1,67,4,9
2024-07-26,FSB,1,1,67,0,
2024-07-26,FSB,1,1,67,4,6
2024-07-26,FSB,1,2,67,4,6
2024-07-26,FSB,1,2,67,3.5,4
2024-07-26,FSB,1,2,67,4,9
2024-07-26,FSB,1,2,67,0,
2024-07-26,FSB,1,2,67,3.5,4
2024-07-26,FSB,1,2,67,4,4
2024-07-26,FSB,1,3,67,4,8
2024-07-26,FSB,1,3,67,4,6
2024-07-26,FSB,1,3,67,3.5,4
2024-07-26,FSB,1,4,67,4,9
2024-07-26,FSB,1,4,67,2,
2024-07-26,FSB,1,4,67,4,3
2024-07-26,FSB,2,1,68,4,6
2024-07-26,FSB,2,1,68,4,6
2024-07-26,FSB,2,1,68,4,4
2024-07-26,FSB,2,1,68,PS,
2024-07-26,FSB,2,2,68,4,6
2024-07-26,FSB,2,2,68,4,7
2024-07-26,FSB,2,4,68,3,
2024-07-26,FSB,2,4,68,PS,
2024-07-26,FSB,2,4,68,4,3
2024-07-26,FSB,2,5,68,PS,
2024-07-26,FSB,2,5,68,4,7
2024-07-26,FSB,3,1,72.5,3.5,9
2024-07-26,FSB,3,1,72.5,PS,
2024-07-26,FSB,3,1,72.5,2,
2024-07-26,FSB,3,2,72.5,4,8
2024-07-26,FSB,3,2,72.5,3.5,8
2024-07-26,FSB,3,2,72.5,0,
2024-07-26,FSB,3,2,72.5,4,4
2024-07-26,FSB,3,3,72.5,4,9
2024-07-26,FSB,3,3,72.5,0,
2024-07-26,FSB,3,3,72.5,3,
2024-07-26,FSB,3,3,72.5,4,8
2024-07-26,FSB,3,4,72.5,4,9
2024-07-26,FSB,3,4,72.5,0,
2024-07-26,FSB,3,4,72.5,PS,
2024-07-26,FSB,3,4,72.5,3.5,10
2024-07-26,FSB,3,5,72.5,4,11
2024-07-26,FSB,3,5,72.5,1,
2024-07-26,FSB,3,5,72.5,3.5,10
2024-07-26,FSB,3,5,72.5,unk,
2024-07-26,FSB,4,1,72,3.5,8
2024-07-26,FSB,4,1,72,4,6
2024-07-26,FSB,4,1,72,PS,
2024-07-26,FSB,4,1,72,3.5,7
2024-07-26,FSB,4,2,72,4,7
2024-07-26,FSB,4,2,72,2,
2024-07-26,FSB,4,2,72,4,3
2024-07-26,FSB,4,2,72,1,
2024-07-26,FSB,4,2,72,3.5,9
2024-07-26,FSB,4,3,72,4,9
2024-07-26,FSB,4,3,72,0,
2024-07-26,FSB,4,3,72,PS,
2024-07-26,FSB,4,3,72,3.5,10
2024-07-26,FSB,4,4,72,4,7
2024-07-26,FSB,4,4,72,1,
2024-07-26,FSB,4,4,72,PS,
2024-07-26,FSB,4,4,72,3.5,10
2024-07-26,FSB,4,5,72,4,10
2024-07-26,FSB,4,5,72,unk,
2024-07-26,FSB,4,5,72,0,
2024-07-26,FSB,4,5,72,3.5,10
2024-07-26,FSB,5,1,46,0,
2024-07-26,FSB,5,1,46,4,6
2024-07-26,FSB,5,1,46,3.5,6
2024-07-26,FSB,5,2,46,3,
2024-07-26,FSB,5,2,46,4,5
2024-07-26,FSB,5,2,46,4,8
2024-07-26,FSB,5,2,46,1,
2024-07-26,FSB,5,2,46,3.5,
2024-07-26,FSB,5,2,46,PS,9
2024-07-26,FSB,5,3,46,4,10
2024-07-26,FSB,5,3,46,2,
2024-07-26,FSB,5,3,46,0,
2024-07-26,FSB,5,3,46,3.5,unk
2024-07-26,NCB,1,1,89.5,3.5,10
2024-07-26,NCB,1,1,89.5,PS,
2024-07-26,NCB,1,1,89.5,4,8
2024-07-26,NCB,1,1,89.5,3,
2024-07-26,NCB,1,2,89.5,1,
2024-07-26,NCB,1,2,89.5,3.5,12
2024-07-26,NCB,1,3,89.5,0,
2024-07-26,NCB,1,3,89.5,3.5,12
2024-07-26,NCB,1,4,89.5,4,9
2024-07-26,NCB,1,4,89.5,0,
2024-07-26,NCB,1,4,89.5,0,
2024-07-26,NCB,2,1,79,4,4
2024-07-26,NCB,2,1,79,0,
2024-07-26,NCB,2,1,79,3.5,8
2024-07-26,NCB,2,1,79,4,1
2024-07-26,NCB,2,1,79,3.5,9
2024-07-26,NCB,2,1,79,1,
2024-07-26,NCB,2,1,79,PS,
2024-07-26,NCB,2,2,79,4,2
2024-07-26,NCB,2,2,79,3.5,11
2024-07-26,NCB,2,2,79,3.5,11
2024-07-26,NCB,2,2,79,3.5,9
2024-07-26,NCB,2,2,79,0,
2024-07-26,NCB,2,3,79,4,6
2024-07-26,NCB,2,3,79,4,2
2024-07-26,NCB,2,3,79,0,
2024-07-26,NCB,2,3,79,0,
2024-07-26,NCB,3,1,85,3.5,6
2024-07-26,NCB,3,1,85,4,7
2024-07-26,NCB,3,1,85,3.5,8
2024-07-26,NCB,3,1,85,0,
2024-07-26,NCB,3,3,85,4,5
2024-07-26,NCB,3,3,85,1,
2024-07-26,NCB,3,3,85,PS,
2024-07-26,NCB,3,3,85,3.5,11
2024-07-26,NCB,3,4,85,4,5
2024-07-26,NCB,3,4,85,3.5,9
2024-07-26,NCB,3,4,85,0,
2024-07-26,NCB,4,1,60.5,4,3
2024-07-26,NCB,4,1,60.5,4,1
2024-07-26,NCB,4,1,60.5,0,
2024-07-26,NCB,4,2,60.5,4,7
2024-07-26,NCB,4,2,60.5,3.5,4
2024-07-26,NCB,4,2,60.5,1,
2024-07-26,NCB,4,2,60.5,4,5
2024-07-26,NCB,4,3,60.5,4,6
2024-07-26,NCB,4,3,60.5,3.5,5
2024-07-26,NCB,4,3,60.5,0,
2024-07-26,NCB,4,3,60.5,4,5
2024-07-26,NCB,4,4,60.5,4,6
2024-07-26,NCB,4,4,60.5,4,5
2024-07-26,NCB,4,4,60.5,3,
2024-07-26,NCB,4,4,60.5,0,
2024-07-26,NCB,4,5,60.5,4,8
2024-07-26,NCB,4,5,60.5,1,
2024-07-26,NCB,4,5,60.5,3.5,7
2024-07-26,NCB,4,6,60.5,3.5,5
2024-07-26,NCB,4,6,60.5,4,7
2024-07-26,NCB,4,6,60.5,3.5,6
2024-07-26,NCB,4,6,60.5,0,
2024-07-26,NCB,5,1,66,3.5,10
2024-07-26,NCB,5,1,66,4,3
2024-07-26,NCB,5,1,66,4,3
2024-07-26,NCB,5,1,66,4,6
2024-07-26,NCB,5,1,66,3.5,5
2024-07-26,NCB,5,1,66,3,
2024-07-26,NCB,5,2,66,3.5,3
2024-07-26,NCB,5,2,66,1,6
2024-07-26,NCB,5,2,66,4,1
2024-07-26,NCB,5,2,66,4,8
2024-07-26,NCB,5,2,66,4,
2024-07-26,NCB,5,3,66,4,8
2024-07-26,NCB,5,3,66,4,
2024-07-26,NCB,5,3,66,0,8
2024-07-26,NCB,5,3,66,3.5,7
2024-07-26,NCB,5,4,66,4,4
2024-07-26,NCB,5,4,66,4,7
2024-07-26,NCB,5,4,66,4,7
2024-07-26,NCB,5,4,66,0,
2024-07-26,NCB,5,4,66,3.5,8
2024-07-26,NCB,5,5,66,4,10
2024-07-26,NCB,5,5,66,4,7
2024-07-26,NCB,5,5,66,0,
2024-07-26,NCB,5,5,66,3.5,10
2024-07-26,NCB,5,6,66,4,8
2024-07-26,NCB,5,6,66,4,5
2024-07-26,NCB,5,6,66,3.5,11
2024-07-26,NCB,5,6,66,0,
2024-07-26,NCB,5,6,66,PS,
2024-07-26,NSGNB,1,1,70.5,2,
2024-07-26,NSGNB,1,1,70.5,4,4
2024-07-26,NSGNB,1,1,70.5,4,4
2024-07-26,NSGNB,1,1,70.5,1,
2024-07-26,NSGNB,1,1,70.5,0,
2024-07-26,NSGNB,1,1,70.5,4,7
2024-07-26,NSGNB,1,1,70.5,2,
2024-07-26,NSGNB,1,1,70.5,PS,
2024-07-26,NSGNB,1,2,70.5,4,9
2024-07-26,NSGNB,1,2,70.5,1,
2024-07-26,NSGNB,1,2,70.5,PS,
2024-07-26,NSGNB,1,2,70.5,3,
2024-07-26,NSGNB,1,3,70.5,unk,
2024-07-26,NSGNB,1,3,70.5,4,10
2024-07-26,NSGNB,1,3,70.5,3.5,11
2024-07-26,NSGNB,1,3,70.5,1,
2024-07-26,NSGNB,1,3,70.5,PS,
2024-07-26,NSGNB,1,4,70.5,4,7
2024-07-26,NSGNB,1,4,70.5,4,3
2024-07-26,NSGNB,1,4,70.5,1,
2024-07-26,NSGNB,1,4,70.5,0,
2024-07-26,NSGNB,1,5,70.5,4,9
2024-07-26,NSGNB,1,5,70.5,unk,
2024-07-26,NSGNB,1,5,70.5,3.5,7
2024-07-26,NSGNB,1,5,70.5,PS,
2024-07-26,NSGNB,1,5,70.5,1,
2024-07-26,NSGNB,1,5,70.5,4,3
2024-07-26,NSGNB,2,1,52,1,
2024-07-26,NSGNB,2,1,52,PS,
2024-07-26,NSGNB,2,1,52,4,2
2024-07-26,NSGNB,2,1,52,3,
2024-07-26,NSGNB,2,1,52,4,2
2024-07-26,NSGNB,2,1,52,4,5
2024-07-26,NSGNB,2,1,52,0,
2024-07-26,NSGNB,2,2,52,4,3
2024-07-26,NSGNB,2,2,52,3,
2024-07-26,NSGNB,2,2,52,0,
2024-07-26,NSGNB,2,2,52,4,1
2024-07-26,NSGNB,2,3,52,4,6
2024-07-26,NSGNB,2,3,52,1,
2024-07-26,NSGNB,2,3,52,PS,
2024-07-26,NSGNB,2,3,52,3.5,9
2024-07-26,NSGNB,2,4,52,4,4
2024-07-26,NSGNB,2,4,52,0,
2024-07-26,NSGNB,2,4,52,PS,
2024-07-26,NSGNB,2,4,52,3.5,9
2024-07-26,NSGNB,2,5,52,3.5,unk
2024-07-26,NSGNB,2,5,52,4,4
2024-07-26,NSGNB,2,5,52,3,
2024-07-26,NSGNB,2,5,52,0,
2024-07-26,NSGNB,3,1,75,0,
2024-07-26,NSGNB,3,1,75,1,
2024-07-26,NSGNB,3,2,75,1,
2024-07-26,NSGNB,3,2,75,PS,
2024-07-26,NSGNB,3,3,75,0,
2024-07-26,NSGNB,3,3,75,PS,
2024-07-26,NSGNB,3,4,75,0,
2024-07-26,NSGNB,3,4,75,PS,
2024-07-26,NSGNB,4,1,84,1,
2024-07-26,NSGNB,4,1,84,PS,
2024-07-26,NSGNB,4,1,84,4,7
2024-07-26,NSGNB,4,1,84,4,3
2024-07-26,NSGNB,4,1,84,1,
2024-07-26,NSGNB,4,1,84,0,
2024-07-26,NSGNB,4,1,84,PS,
2024-07-26,NSGNB,4,1,84,3.5,8
2024-07-26,NSGNB,4,1,84,3.5,10
2024-07-26,NSGNB,4,2,84,4,5
2024-07-26,NSGNB,4,2,84,4,3
2024-07-26,NSGNB,4,2,84,1,
2024-07-26,NSGNB,4,2,84,3.5,12
2024-07-26,NSGNB,4,3,84,4,8
2024-07-26,NSGNB,4,3,84,2,
2024-07-26,NSGNB,4,3,84,3.5,12
2024-07-26,NSGNB,4,3,84,0,
2024-07-26,NSGNB,4,4,84,4,1
2024-07-26,NSGNB,4,4,84,0,
2024-07-26,NSGNB,4,4,84,2,
2024-07-26,NSGNB,4,4,84,PS,
2024-07-26,NSGNB,4,4,84,4,6
2024-07-26,NSGNB,4,4,84,1,
2024-07-26,NSGNB,4,4,84,0,
2024-07-26,NSGNB,4,5,84,4,3
2024-07-26,NSGNB,4,5,84,1,
2024-07-26,NSGNB,4,5,84,0,
2024-07-26,NSGNB,4,5,84,2,
2024-07-26,NSGNB,5,1,74,3,
2024-07-26,NSGNB,5,1,74,4,4
2024-07-26,NSGNB,5,1,74,PS,
2024-07-26,NSGNB,5,1,74,4,6
2024-07-26,NSGNB,5,1,74,3,
2024-07-26,NSGNB,5,1,74,PS,
2024-07-26,NSGNB,5,1,74,1,
2024-07-26,NSGNB,5,2,74,4,2
2024-07-26,NSGNB,5,2,74,1,
2024-07-26,NSGNB,5,2,74,3.5,10
2024-07-26,NSGNB,5,2,74,PS,
2024-07-26,NSGNB,5,3,74,4,7
2024-07-26,NSGNB,5,3,74,1,
2024-07-26,NSGNB,5,3,74,1,
2024-07-26,NSGNB,5,3,74,PS,
2024-07-26,NSGNB,5,4,74,3,
2024-07-26,NSGNB,5,4,74,0,
2024-07-26,NSGNB,5,4,74,4,4
2024-07-26,NSGNB,5,5,74,1,
2024-07-26,NSGNB,5,5,74,unk,
2024-07-26,NSGNB,5,5,74,4,1
2024-07-26,NSGNB,5,5,74,0,
2024-07-26,NSGNB,5,5,74,2,
2024-08-08,FMI,1,1,5,2,
2024-08-08,FMI,1,2,9.5,1,
2024-08-08,FMI,1,2,9.5,3,
2024-08-08,FMI,1,3,12,1,
2024-08-08,FMI,1,3,12,2,
2024-08-08,FMI,1,4,21,2,
2024-08-08,FMI,1,4,21,2,
2024-08-08,FMI,1,4,21,0,
2024-08-08,FMI,2,1,5,2,
2024-08-08,FMI,2,1,5,0,
2024-08-08,FMI,2,1,5,PS,
2024-08-08,FMI,2,2,8.5,2,
2024-08-08,FMI,2,2,8.5,1,
2024-08-08,FMI,2,2,8.5,0,
2024-08-08,FMI,2,2,8.5,1,
2024-08-08,FMI,2,2,8.5,3.5,8
2024-08-08,FMI,3,1,2.5,1,
2024-08-08,FMI,3,1,2.5,0,
2024-08-08,FMI,3,2,5,3,
2024-08-08,FMI,3,2,5,0,
2024-08-08,FMI,3,3,9.5,1,
2024-08-08,FMI,3,3,9.5,1,
2024-08-08,FMI,3,3,9.5,PS,
2024-08-08,FMI,3,4,14,2,
2024-08-08,FMI,3,4,14,1,
2024-08-08,FMI,3,4,14,2,
2024-08-08,FMI,4,1,10,2,
2024-08-08,FMI,4,1,10,2,
2024-08-08,FMI,4,2,14,4,4
2024-08-08,FMI,4,3,17,4,3
2024-08-08,FMI,4,3,17,2,
2024-08-08,FMI,4,4,21,1,
2024-08-08,FMI,4,4,21,2,
2024-08-08,FMI,4,4,21,4,4
2024-08-08,FMI,5,1,4,2,
2024-08-08,FMI,5,1,4,2,
2024-08-08,FMI,5,1,4,3,
2024-08-08,FMI,5,1,4,1,
2024-08-08,FMI,5,2,9,2,
2024-08-08,FMI,5,2,9,2,
2024-08-08,FMI,5,2,9,1,
2024-08-08,FMI,5,2,9,1,
2024-08-08,FMI,5,3,16,2,
2024-08-08,FMI,5,3,16,2,
2024-08-08,FMI,5,3,16,3,
2024-08-08,FMI,5,3,16,0,
2024-08-08,FMI,5,4,18.5,3,
2024-08-08,FMI,5,4,18.5,1,
2024-08-08,FMI,5,4,18.5,2,
2024-08-08,FMI,5,4,18.5,2,
2024-08-08,FPT,1,1,10,3.5,8
2024-08-08,FPT,1,1,10,2,
2024-08-08,FPT,1,1,10,3,
2024-08-08,FPT,1,1,10,PS,
2024-08-08,FPT,1,1,10,3.5,8
2024-08-08,FPT,1,1,10,3.5,7
2024-08-08,FPT,1,2,19,unk,
2024-08-08,FPT,1,2,19,1,
2024-08-08,FPT,1,2,19,0,
2024-08-08,FPT,1,2,19,3.5,7
2024-08-08,FPT,1,2,19,1,
2024-08-08,FPT,1,2,19,1,
2024-08-08,FPT,1,2,19,0,
2024-08-08,FPT,1,2,19,2,
2024-08-08,FPT,1,3,32,1,
2024-08-08,FPT,1,3,32,1,
2024-08-08,FPT,1,3,32,PS,
2024-08-08,FPT,1,3,32,3.5,7
2024-08-08,FPT,1,3,32,2,
2024-08-08,FPT,1,3,32,2,
2024-08-08,FPT,1,3,32,3.5,7
2024-08-08,FPT,2,1,10,4,2
2024-08-08,FPT,2,1,10,1,
2024-08-08,FPT,2,1,10,1,
2024-08-08,FPT,2,1,10,1,
2024-08-08,FPT,2,1,10,0,
2024-08-08,FPT,2,2,18,2,
2024-08-08,FPT,2,2,18,1,
2024-08-08,FPT,2,2,18,1,
2024-08-08,FPT,2,2,18,3.5,5
2024-08-08,FPT,2,3,26,1,
2024-08-08,FPT,2,3,26,0,
2024-08-08,FPT,2,3,26,3.5,7
2024-08-08,FPT,2,3,26,2,
2024-08-08,FPT,2,3,26,1,
2024-08-08,FPT,2,4,32.5,3,
2024-08-08,FPT,2,4,32.5,1,
2024-08-08,FPT,2,4,32.5,1,
2024-08-08,FPT,2,4,32.5,3.5,8
2024-08-08,FPT,3,1,18,1,
2024-08-08,FPT,3,1,18,PS,
2024-08-08,FPT,3,1,18,2,
2024-08-08,FPT,3,1,18,2,
2024-08-08,FPT,3,1,18,3.5,6
2024-08-08,FPT,3,1,18,2,
2024-08-08,FPT,3,2,27.5,1,
2024-08-08,FPT,3,2,27.5,1,
2024-08-08,FPT,3,2,27.5,PS,
2024-08-08,FPT,3,2,27.5,3.5,7
2024-08-08,FPT,3,2,27.5,2,
2024-08-08,FPT,3,3,35,2,
2024-08-08,FPT,3,3,35,2,
2024-08-08,FPT,3,3,35,3,
2024-08-08,FPT,3,3,35,0,
2024-08-08,FPT,3,3,35,unk,
2024-08-08,FPT,3,4,42,2,
2024-08-08,FPT,3,4,42,PS,
2024-08-08,FPT,3,4,42,2,
2024-08-08,FPT,3,4,42,2,
2024-08-08,FPT,3,5,47,1,
2024-08-08,FPT,3,5,47,2,
2024-08-08,FPT,3,5,47,0,
2024-08-08,FPT,3,5,47,3.5,7
2024-08-08,FPT,4,1,8,2,
2024-08-08,FPT,4,1,8,1,
2024-08-08,FPT,4,1,8,1,
2024-08-08,FPT,4,1,8,PS,
2024-08-08,FPT,4,2,15,1,
2024-08-08,FPT,4,2,15,2,
2024-08-08,FPT,4,2,15,1,
2024-08-08,FPT,4,2,15,1,
2024-08-08,FPT,4,2,15,0,
2024-08-08,FPT,4,3,21,1,
2024-08-08,FPT,4,3,21,1,
2024-08-08,FPT,4,3,21,1,
2024-08-08,FPT,4,3,21,PS,
2024-08-08,FPT,4,3,21,0,
2024-08-08,FPT,4,4,27,1,
2024-08-08,FPT,4,4,27,2,
2024-08-08,FPT,4,4,27,2,
2024-08-08,FPT,4,5,31,1,
2024-08-08,FPT,4,5,31,0,
2024-08-08,FPT,4,5,31,PS,
2024-08-08,FPT,5,1,11,1,
2024-08-08,FPT,5,1,11,1,
2024-08-08,FPT,5,1,11,2,
2024-08-08,FPT,5,1,11,1,
2024-08-08,FPT,5,1,11,1,
2024-08-08,FPT,5,1,11,1,
2024-08-08,FPT,5,1,11,1,
2024-08-08,FPT,5,1,11,0,
2024-08-08,FPT,5,2,20,2,
2024-08-08,FPT,5,2,20,2,
2024-08-08,FPT,5,2,20,2,
2024-08-08,FPT,5,2,20,1,
2024-08-08,FPT,5,2,20,PS,
2024-08-08,FPT,5,2,20,unk,
2024-08-08,FPT,5,3,29,3.5,8
2024-08-08,FPT,5,3,29,2,
2024-08-08,FPT,5,3,29,1,
2024-08-08,FPT,5,3,29,0,
2024-08-08,FPT,5,3,29,1,
2024-08-08,FPT,5,3,29,1,
2024-08-08,FPT,5,4,36.5,2,
2024-08-08,FPT,5,4,36.5,1,
2024-08-08,FPT,5,4,36.5,0,
2024-08-08,FPT,5,4,36.5,unk,
2024-08-08,FPT,5,5,43,2,
2024-08-08,FPT,5,5,43,0,
2024-08-08,FPT,5,5,43,1,
2024-08-08,FPT,5,5,43,1,
2024-08-08,FPT,5,5,43,1,
2024-08-08,FSB,1,1,5,4,5
2024-08-08,FSB,1,1,5,4,4
2024-08-08,FSB,1,1,5,4,6
2024-08-08,FSB,1,1,5,0,
2024-08-08,FSB,1,2,14.5,4,3
2024-08-08,FSB,1,2,14.5,4,9
2024-08-08,FSB,1,2,14.5,3.5,6
2024-08-08,FSB,1,2,14.5,0,
2024-08-08,FSB,1,2,14.5,4,9
2024-08-08,FSB,1,3,26,4,10
2024-08-08,FSB,1,3,26,4,4
2024-08-08,FSB,1,3,26,3.5,5
2024-08-08,FSB,1,3,26,0,
2024-08-08,FSB,1,3,26,4,6
2024-08-08,FSB,1,4,35.5,4,9
2024-08-08,FSB,1,4,35.5,3.5,8
2024-08-08,FSB,1,4,35.5,0,
2024-08-08,FSB,1,5,43,3.5,6
2024-08-08,FSB,1,5,43,0,
2024-08-08,FSB,1,5,43,4,8
2024-08-08,FSB,1,6,50.5,4,9
2024-08-08,FSB,1,6,50.5,3.5,7
2024-08-08,FSB,1,6,50.5,1,
2024-08-08,FSB,1,6,50.5,4,7
2024-08-08,FSB,2,1,7.5,4,2
2024-08-08,FSB,2,1,7.5,4,3
2024-08-08,FSB,2,2,17.5,4,2
2024-08-08,FSB,2,2,17.5,4,3
2024-08-08,FSB,2,3,26,4,5
2024-08-08,FSB,2,3,26,4,3
2024-08-08,FSB,2,3,26,0,
2024-08-08,FSB,2,3,26,3.5,3
2024-08-08,FSB,2,4,31,4,1
2024-08-08,FSB,2,4,31,0,
2024-08-08,FSB,2,4,31,3.5,5
2024-08-08,FSB,2,4,31,4,5
2024-08-08,FSB,2,5,36.5,4,7
2024-08-08,FSB,2,5,36.5,3.5,6
2024-08-08,FSB,2,5,36.5,1,
2024-08-08,FSB,2,5,36.5,4,3
2024-08-08,FSB,2,6,42,4,4
2024-08-08,FSB,2,6,42,3.5,3
2024-08-08,FSB,2,6,42,3.5,5
2024-08-08,FSB,2,6,42,0,
2024-08-08,FSB,2,6,42,unk,
2024-08-08,FSB,3,1,13,5,3
2024-08-08,FSB,3,1,13,3.5,8
2024-08-08,FSB,3,1,13,3.5,3
2024-08-08,FSB,3,1,13,3,
2024-08-08,FSB,3,1,13,3.5,3
2024-08-08,FSB,3,2,20,5,6
2024-08-08,FSB,3,2,20,5,5
2024-08-08,FSB,3,2,20,3.5,3
2024-08-08,FSB,3,3,27,5,3
2024-08-08,FSB,3,3,27,6,
2024-08-08,FSB,3,3,27,3.5,6
2024-08-08,FSB,3,3,27,3.5,4
2024-08-08,FSB,3,3,27,0,
2024-08-08,FSB,3,4,33.5,3,
2024-08-08,FSB,3,4,33.5,6,
2024-08-08,FSB,3,4,33.5,unk,
2024-08-08,FSB,3,5,39,4,3
2024-08-08,FSB,3,5,39,5,3
2024-08-08,FSB,3,5,39,6,
2024-08-08,FSB,3,5,39,3.5,6
2024-08-08,FSB,4,1,9.5,5,1
2024-08-08,FSB,4,1,9.5,4,6
2024-08-08,FSB,4,1,9.5,0,
2024-08-08,FSB,4,1,9.5,4,3
2024-08-08,FSB,4,2,21,4,5
2024-08-08,FSB,4,2,21,4,2
2024-08-08,FSB,4,2,21,0,
2024-08-08,FSB,4,2,21,3.5,5
2024-08-08,FSB,4,2,21,5,2
2024-08-08,FSB,4,3,33,4,6
2024-08-08,FSB,4,3,33,5,7
2024-08-08,FSB,4,3,33,3.5,6
2024-08-08,FSB,4,3,33,0,
2024-08-08,FSB,4,3,33,4,4
2024-08-08,FSB,4,4,42,4,7
2024-08-08,FSB,4,4,42,4,6
2024-08-08,FSB,4,4,42,3.5,6
2024-08-08,FSB,4,4,42,3.5,7
2024-08-08,FSB,4,4,42,0,
2024-08-08,FSB,4,5,48.5,4,7
2024-08-08,FSB,4,5,48.5,4,8
2024-08-08,FSB,4,5,48.5,0,
2024-08-08,FSB,4,6,56,5,4
2024-08-08,FSB,4,6,56,5,4
2024-08-08,FSB,5,1,33,3.5,4
2024-08-08,FSB,5,1,33,5,4
2024-08-08,FSB,5,1,33,0,
2024-08-08,FSB,5,1,33,6,
2024-08-08,FSB,5,2,41.5,6,
2024-08-08,FSB,5,2,41.5,6,
2024-08-08,FSB,5,2,41.5,3.5,9
2024-08-08,FSB,5,3,49,5,3
2024-08-08,FSB,5,3,49,5,1
2024-08-08,FSB,5,3,49,unk,
2024-08-08,FSB,5,4,58,4,4
2024-08-08,FSB,5,4,58,4,3
2024-08-08,FSB,5,4,58,2,
2024-08-08,FSB,5,4,58,6,
2024-08-08,FSB,5,5,59,4,4
2024-08-08,FSB,5,5,59,5,3
2024-08-08,NCB,1,1,15,4,5
2024-08-08,NCB,1,1,15,PS,5
2024-08-08,NCB,1,1,15,3.5,7
2024-08-08,NCB,1,1,15,4,3
2024-08-08,NCB,1,1,15,3.5,6
2024-08-08,NCB,1,1,15,4,
2024-08-08,NCB,1,2,27,4,10
2024-08-08,NCB,1,2,27,4,6
2024-08-08,NCB,1,2,27,5,1
2024-08-08,NCB,1,2,27,2,
2024-08-08,NCB,1,3,40,4,8
2024-08-08,NCB,1,3,40,5,10
2024-08-08,NCB,1,3,40,3.5,
2024-08-08,NCB,1,4,58,4,9
2024-08-08,NCB,1,4,58,4,7
2024-08-08,NCB,1,4,58,3.5,8
2024-08-08,NCB,2,1,1,5,4
2024-08-08,NCB,2,2,9,4,2
2024-08-08,NCB,2,2,9,4,2
2024-08-08,NCB,2,2,9,0,
2024-08-08,NCB,2,3,17,4,2
2024-08-08,NCB,2,3,17,4,4
2024-08-08,NCB,2,3,17,4,4
2024-08-08,NCB,2,3,17,3.5,5
2024-08-08,NCB,2,4,26,4,5
2024-08-08,NCB,2,4,26,3.5,4
2024-08-08,NCB,2,4,26,3.5,7
2024-08-08,NCB,2,5,34,5,5
2024-08-08,NCB,2,5,34,4,4
2024-08-08,NCB,2,5,34,5,6
2024-08-08,NCB,2,5,34,0,
2024-08-08,NCB,3,1,20,4,5
2024-08-08,NCB,3,1,20,5,6
2024-08-08,NCB,3,1,20,3.5,2
2024-08-08,NCB,3,1,20,4,5
2024-08-08,NCB,3,1,20,2,
2024-08-08,NCB,3,2,31.5,5,4
2024-08-08,NCB,3,2,31.5,4,4
2024-08-08,NCB,3,2,31.5,0,
2024-08-08,NCB,3,2,31.5,5,8
2024-08-08,NCB,3,3,41.5,5,9
2024-08-08,NCB,3,3,41.5,4,3
2024-08-08,NCB,3,3,41.5,3.5,2
2024-08-08,NCB,3,3,41.5,1,
2024-08-08,NCB,3,3,41.5,0,
2024-08-08,NCB,4,1,12,5,5
2024-08-08,NCB,4,1,12,4,3
2024-08-08,NCB,4,2,17.5,4,2
2024-08-08,NCB,4,2,17.5,4,4
2024-08-08,NCB,4,2,17.5,3.5,6
2024-08-08,NCB,4,3,23,4,7
2024-08-08,NCB,4,3,23,4,7
2024-08-08,NCB,4,3,23,2,
2024-08-08,NCB,4,4,27.5,4,4
2024-08-08,NCB,4,4,27.5,4,8
2024-08-08,NCB,4,4,27.5,3.5,8
2024-08-08,NCB,5,1,10,4,3
2024-08-08,NCB,5,1,10,3.5,1
2024-08-08,NCB,5,2,22.5,5,7
2024-08-08,NCB,5,2,22.5,4,2
2024-08-08,NCB,5,3,35.5,5,2
2024-08-08,NCB,5,3,35.5,3.5,
2024-08-08,NCB,5,4,42,5,4
2024-08-08,NCB,5,4,42,3.5,3
2024-08-08,NCB,5,4,42,1,
2024-08-08,NSGNB,1,1,7,3.5,6
2024-08-08,NSGNB,1,1,7,1,
2024-08-08,NSGNB,1,1,7,unk,
2024-08-08,NSGNB,1,1,7,0,
2024-08-08,NSGNB,1,1,7,3.5,10
2024-08-08,NSGNB,1,1,7,3.5,9
2024-08-08,NSGNB,1,2,18,3.5,8
2024-08-08,NSGNB,1,2,18,4,6
2024-08-08,NSGNB,1,2,18,3.5,10
2024-08-08,NSGNB,1,2,18,0,
2024-08-08,NSGNB,1,3,25,4,7
2024-08-08,NSGNB,1,3,25,3.5,10
2024-08-08,NSGNB,1,3,25,4,1
2024-08-08,NSGNB,1,3,25,3.5,10
2024-08-08,NSGNB,1,3,25,3,
2024-08-08,NSGNB,1,3,18,0,
2024-08-08,NSGNB,1,3,18,PS,
2024-08-08,NSGNB,1,4,32,4,4
2024-08-08,NSGNB,1,4,32,3.5,10
2024-08-08,NSGNB,1,4,32,3.5,10
2024-08-08,NSGNB,1,4,32,2,
2024-08-08,NSGNB,1,4,32,3.5,8
2024-08-08,NSGNB,1,5,34.5,3.5,6
2024-08-08,NSGNB,1,5,34.5,0,
2024-08-08,NSGNB,1,5,34.5,3,
2024-08-08,NSGNB,1,5,34.5,3.5,8
2024-08-08,NSGNB,1,5,34.5,4,3
2024-08-08,NSGNB,1,6,38,3.5,10
2024-08-08,NSGNB,1,6,38,3.5,9
2024-08-08,NSGNB,1,6,38,2,
2024-08-08,NSGNB,1,6,38,3.5,9
2024-08-08,NSGNB,2,1,6,0,
2024-08-08,NSGNB,2,2,12,PS,
2024-08-08,NSGNB,2,2,12,PS,
2024-08-08,NSGNB,3,1,3,PS,
2024-08-08,NSGNB,3,2,7,0,
2024-08-08,NSGNB,3,3,16,PS,
2024-08-08,NSGNB,3,3,16,0,
2024-08-08,NSGNB,4,1,3,0,
2024-08-08,NSGNB,4,2,9,0,
2024-08-08,NSGNB,4,3,13,0,
2024-08-08,NSGNB,4,4,18,PS,
2024-08-08,NSGNB,4,4,18,PS,
2024-08-08,NSGNB,5,1,3,4,3
2024-08-08,NSGNB,5,1,3,0,
2024-08-08,NSGNB,5,1,3,2,
2024-08-08,NSGNB,5,1,3,3.5,8
2024-08-08,NSGNB,5,1,3,2,
2024-08-08,NSGNB,5,1,3,4,6
2024-08-08,NSGNB,5,1,3,3.5,6
2024-08-08,NSGNB,5,1,3,PS,6
2024-08-08,NSGNB,5,1,3,3.5,6
2024-08-08,NSGNB,5,1,3,3.5,
2024-08-08,NSGNB,5,2,8,4,3
2024-08-08,NSGNB,5,2,8,3.5,5
2024-08-08,NSGNB,5,2,8,3.5,5
2024-08-08,NSGNB,5,2,8,0,
2024-08-08,NSGNB,5,3,13,4,4
2024-08-08,NSGNB,5,3,13,4,1
2024-08-08,NSGNB,5,3,13,3.5,7
2024-08-08,NSGNB,5,3,13,3.5,7
2024-08-08,NSGNB,5,3,13,0,
2024-08-08,NSGNB,5,3,13,PS,
2024-08-08,NSGNB,5,4,19,4,1
2024-08-08,NSGNB,5,4,19,3.5,7
2024-08-08,NSGNB,5,4,19,PS,
2024-08-08,NSGNB,5,4,19,3.5,7
2024-08-08,NSGNB,5,4,19,3.5,8
2024-08-08,NSGNB,5,5,25,4,2
2024-08-08,NSGNB,5,5,25,0,
2024-08-08,NSGNB,5,5,25,3.5,7
2024-08-08,NSGNB,5,5,25,3.5,8
2024-08-08,NSGNB,5,5,25,3.5,5
2024-08-08,NSGNB,5,5,25,0,
2024-08-08,NSGNB,5,5,25,2,
2024-08-08,NSGNB,5,6,32,3.5,5
2024-08-08,NSGNB,5,6,32,3.5,5
2024-08-08,NSGNB,5,6,32,PS,
2024-08-08,NSGNB,5,6,32,4,2
2024-08-23,FMI,1,1,3,0,
2024-08-23,FMI,1,1,3,0,
2024-08-23,FMI,1,1,3,PS,
2024-08-23,FMI,1,2,14,0,
2024-08-23,FMI,1,2,14,0,
2024-08-23,FMI,1,2,14,2,
2024-08-23,FMI,1,3,18,0,
2024-08-23,FMI,1,3,18,PS,
2024-08-23,FMI,1,3,18,3.5,8
2024-08-23,FMI,1,4,25,3.5,8
2024-08-23,FMI,1,4,25,1,
2024-08-23,FMI,1,4,25,PS,
2024-08-23,FMI,1,4,25,3.5,10
2024-08-23,FMI,2,1,3.5,1,
2024-08-23,FMI,2,1,3.5,PS,
2024-08-23,FMI,2,2,8.5,2,
2024-08-23,FMI,2,2,8.5,PS,
2024-08-23,FMI,2,3,13.5,1,
2024-08-23,FMI,2,4,19,1,
2024-08-23,FMI,2,4,19,PS,
2024-08-23,FMI,2,4,19,PS,
2024-08-23,FMI,3,1,3,0,
2024-08-23,FMI,3,1,3,3.5,10
2024-08-23,FMI,3,2,8.5,0,
2024-08-23,FMI,3,2,8.5,2,
2024-08-23,FMI,3,2,8.5,3.5,10
2024-08-23,FMI,3,3,13.5,1,
2024-08-23,FMI,3,3,13.5,2,
2024-08-23,FMI,3,3,13.5,PS,
2024-08-23,FMI,3,4,19,PS,
2024-08-23,FMI,3,4,19,3.5,8
2024-08-23,FMI,3,5,27,PS,
2024-08-23,FMI,3,5,27,3.5,8
2024-08-23,FMI,4,1,2.5,1,
2024-08-23,FMI,4,1,2.5,PS,
2024-08-23,FMI,4,2,7,1,
2024-08-23,FMI,4,2,7,PS,
2024-08-23,FMI,4,2,7,3.5,7
2024-08-23,FMI,4,3,11,0,
2024-08-23,FMI,4,3,11,3.5,8
2024-08-23,FMI,4,4,17,0,
2024-08-23,FMI,4,4,17,PS,
2024-08-23,FMI,4,4,17,3.5,8
2024-08-23,FMI,5,1,1,1,
2024-08-23,FMI,5,2,5,1,
2024-08-23,FMI,5,2,5,PS,
2024-08-23,FMI,5,3,12,0,
2024-08-23,FMI,5,4,16,0,
2024-08-23,FMI,5,4,16,0,
2024-08-23,FMI,5,4,16,PS,
2024-08-23,FPT,1,1,3,PS,
2024-08-23,FPT,1,2,8,1,
2024-08-23,FPT,1,2,8,PS,
2024-08-23,FPT,1,3,13,0,
2024-08-23,FPT,1,4,17.5,0,
2024-08-23,FPT,1,5,20,PS,
2024-08-23,FPT,2,1,12,2,
2024-08-23,FPT,2,1,12,0,
2024-08-23,FPT,2,2,18,1,
2024-08-23,FPT,2,2,18,PS,
2024-08-23,FPT,2,3,26,0,
2024-08-23,FPT,2,3,26,PS,
2024-08-23,FPT,2,4,35,1,
2024-08-23,FPT,2,4,35,0,
2024-08-23,FPT,3,1,8,1,
2024-08-23,FPT,3,2,14,0,
2024-08-23,FPT,3,3,22.5,0,
2024-08-23,FPT,3,4,29,1,
2024-08-23,FPT,3,4,29,PS,
2024-08-23,FPT,4,1,7,0,
2024-08-23,FPT,4,2,15.5,0,
2024-08-23,FPT,4,3,23,0,
2024-08-23,FPT,5,1,6.5,2,
2024-08-23,FPT,5,1,6.5,PS,
2024-08-23,FPT,5,2,13,1,
2024-08-23,FPT,5,2,13,0,
2024-08-23,FPT,5,2,13,PS,
2024-08-23,FPT,5,3,18.5,1,
2024-08-23,FPT,5,3,18.5,0,
2024-08-23,FPT,5,4,22,0,
2024-08-23,FPT,5,4,22,PS,
2024-08-23,FPT,5,5,31,1,
2024-08-23,FPT,5,5,31,0,
2024-08-23,FSB,1,1,10.5,2,
2024-08-23,FSB,1,1,10.5,4,6
2024-08-23,FSB,1,1,10.5,4,6
2024-08-23,FSB,1,1,10.5,6,
2024-08-23,FSB,1,1,10.5,4,2
2024-08-23,FSB,1,1,10.5,4,4
2024-08-23,FSB,1,1,10.5,unk,
2024-08-23,FSB,1,2,24,unk,
2024-08-23,FSB,1,3,42,4,2
2024-08-23,FSB,1,4,44,0,
2024-08-23,FSB,1,4,44,4,2
2024-08-23,FSB,1,4,44,4,2
2024-08-23,FSB,2,1,16,4,2
2024-08-23,FSB,2,1,16,4,2
2024-08-23,FSB,2,1,16,unk,
2024-08-23,FSB,2,1,16,4,2
2024-08-23,FSB,2,1,16,4,5
2024-08-23,FSB,2,1,16,3.5,3
2024-08-23,FSB,2,1,16,5,5
2024-08-23,FSB,2,1,16,5,8
2024-08-23,FSB,2,1,16,4,4
2024-08-23,FSB,2,2,32,6,
2024-08-23,FSB,2,2,32,5,13
2024-08-23,FSB,2,2,32,4,4
2024-08-23,FSB,2,2,32,0,
2024-08-23,FSB,2,2,32,3.5,8
2024-08-23,FSB,2,2,32,4,5
2024-08-23,FSB,2,3,37,5,10
2024-08-23,FSB,2,3,37,4,7
2024-08-23,FSB,2,3,37,4,7
2024-08-23,FSB,2,3,37,3.5,6
2024-08-23,FSB,2,4,43,4,8
2024-08-23,FSB,2,4,43,4,6
2024-08-23,FSB,2,4,43,3.5,8
2024-08-23,FSB,2,4,43,0,
2024-08-23,FSB,2,4,43,5,8
2024-08-23,FSB,2,5,46,unk,
2024-08-23,FSB,3,1,5,4,5
2024-08-23,FSB,3,1,5,2,
2024-08-23,FSB,3,1,5,unk,
2024-08-23,FSB,3,1,5,3.5,6
2024-08-23,FSB,3,2,13,4,5
2024-08-23,FSB,3,2,13,4,5
2024-08-23,FSB,3,2,13,3.5,5
2024-08-23,FSB,3,3,20,4,7
2024-08-23,FSB,3,3,20,4,7
2024-08-23,FSB,3,3,20,5,5
2024-08-23,FSB,3,3,20,3.5,5
2024-08-23,FSB,3,4,26,4,5
2024-08-23,FSB,3,4,26,5,8
2024-08-23,FSB,3,4,26,3.5,8
2024-08-23,FSB,3,4,26,1,
2024-08-23,FSB,4,1,19,5,2
2024-08-23,FSB,4,1,19,3.5,2
2024-08-23,FSB,4,1,19,unk,
2024-08-23,FSB,4,1,19,unk,
2024-08-23,FSB,4,2,32,6,
2024-08-23,FSB,4,2,32,4,3
2024-08-23,FSB,4,3,42,6,
2024-08-23,FSB,4,3,42,6,
2024-08-23,FSB,5,1,10,4,6
2024-08-23,FSB,5,1,10,3.5,8
2024-08-23,FSB,5,1,10,0,
2024-08-23,FSB,5,1,10,4,5
2024-08-23,FSB,5,1,10,6,
2024-08-23,FSB,5,2,20,4,6
2024-08-23,FSB,5,2,20,5,7
2024-08-23,FSB,5,2,20,1,
2024-08-23,FSB,5,2,20,4,5
2024-08-23,FSB,5,2,20,3.5,8
2024-08-23,FSB,5,3,30,6,
2024-08-23,FSB,5,4,35,5,9
2024-08-23,FSB,5,4,35,4,6
2024-08-23,FSB,5,4,35,0,
2024-08-23,FSB,5,4,35,4,7
2024-08-23,FSB,5,4,35,3.5,6
2024-08-23,NCB,1,1,9,5,2
2024-08-23,NCB,1,1,9,3.5,3
2024-08-23,NCB,1,1,9,5,2
2024-08-23,NCB,1,1,9,4,4
2024-08-23,NCB,1,1,9,6,
2024-08-23,NCB,1,2,17,6,
2024-08-23,NCB,1,2,17,0,
2024-08-23,NCB,1,2,17,4,6
2024-08-23,NCB,1,2,17,5,1
2024-08-23,NCB,1,3,24,4,1
2024-08-23,NCB,1,3,24,6,
2024-08-23,NCB,1,3,24,3.5,5
2024-08-23,NCB,1,4,29,5,1
2024-08-23,NCB,1,4,29,5,3
2024-08-23,NCB,1,4,29,4,4
2024-08-23,NCB,1,5,33,5,3
2024-08-23,NCB,1,5,33,unk,
2024-08-23,NCB,1,5,33,3.5,4
2024-08-23,NCB,2,1,3,5,3
2024-08-23,NCB,2,1,3,0,
2024-08-23,NCB,2,1,3,4,6
2024-08-23,NCB,2,1,3,5,2
2024-08-23,NCB,2,1,3,5,4
2024-08-23,NCB,2,1,3,4,4
2024-08-23,NCB,2,1,3,3.5,4
2024-08-23,NCB,2,2,12,5,8
2024-08-23,NCB,2,2,12,4,5
2024-08-23,NCB,2,2,12,4,6
2024-08-23,NCB,2,2,12,3.5,5
2024-08-23,NCB,2,3,19,5,6
2024-08-23,NCB,2,3,19,5,7
2024-08-23,NCB,2,3,19,4,4
2024-08-23,NCB,2,3,19,3,
2024-08-23,NCB,2,4,26,5,3
2024-08-23,NCB,2,4,26,5,2
2024-08-23,NCB,2,4,26,3.5,7
2024-08-23,NCB,2,4,26,PS,
2024-08-23,NCB,2,5,31,unk,
2024-08-23,NCB,2,5,31,5,6
2024-08-23,NCB,2,5,31,4,4
2024-08-23,NCB,2,5,31,3.5,6
2024-08-23,NCB,3,1,11,6,
2024-08-23,NCB,3,2,18,5,1
2024-08-23,NCB,3,3,26,5,5
2024-08-23,NCB,3,3,26,4,4
2024-08-23,NCB,3,3,26,5,2
2024-08-23,NCB,3,4,31,5,5
2024-08-23,NCB,3,4,31,4,2
2024-08-23,NCB,3,4,31,5,3
2024-08-23,NCB,4,1,8.5,5,3
2024-08-23,NCB,4,1,8.5,5,5
2024-08-23,NCB,4,1,8.5,5,2
2024-08-23,NCB,4,1,8.5,6,
2024-08-23,NCB,4,2,17,6,
2024-08-23,NCB,4,2,17,6,
2024-08-23,NCB,4,2,17,3.5,3
2024-08-23,NCB,4,3,24.5,5,3
2024-08-23,NCB,4,3,24.5,4,2
2024-08-23,NCB,4,3,24.5,3.5,4
2024-08-23,NCB,4,4,32.5,6,
2024-08-23,NCB,4,4,32.5,3.5,5
2024-08-23,NCB,4,4,32.5,6,
2024-08-23,NCB,4,5,38,6,
2024-08-23,NCB,4,5,38,6,
2024-08-23,NCB,4,5,38,4,5
2024-08-23,NCB,4,5,38,3.5,5
2024-08-23,NCB,5,1,10,5,2
2024-08-23,NCB,5,1,10,5,1
2024-08-23,NCB,5,1,10,unk,
2024-08-23,NCB,5,2,17,4,2
2024-08-23,NCB,5,2,17,5,3
2024-08-23,NCB,5,2,17,unk,
2024-08-23,NCB,5,2,17,unk,
2024-08-23,NCB,5,3,24,5,3
2024-08-23,NCB,5,3,24,unk,
2024-08-23,NCB,5,3,24,unk,
2024-08-23,NCB,5,3,24,unk,
2024-08-23,NCB,5,4,31,5,4
2024-08-23,NCB,5,4,31,3.5,3
2024-08-23,NCB,5,4,31,5,2
2024-08-23,NCB,5,5,37,6,
2024-08-23,NCB,5,5,37,unk,
2024-08-23,NCB,5,5,37,unk,
2024-08-23,NCB,5,5,37,unk,
2024-08-23,NSGNB,1,1,1,PS,
2024-08-23,NSGNB,1,2,8,PS,
2024-08-23,NSGNB,1,3,16.5,0,
2024-08-23,NSGNB,2,1,2,0,
2024-08-23,NSGNB,2,2,5,0,
2024-08-23,NSGNB,2,2,5,PS,
2024-08-23,NSGNB,2,3,9,PS,
2024-08-23,NSGNB,2,4,15,PS,
2024-08-23,NSGNB,3,1,5.5,1,
2024-08-23,NSGNB,3,1,5.5,PS,
2024-08-23,NSGNB,3,2,10,0,
2024-08-23,NSGNB,3,3,15.5,PS,
2024-08-23,NSGNB,3,4,24,0,
2024-08-23,NSGNB,4,1,3,1,
2024-08-23,NSGNB,4,1,3,1,
2024-08-23,NSGNB,4,2,7.5,0,
2024-08-23,NSGNB,4,2,7.5,PS,
2024-08-23,NSGNB,4,3,13,0,
2024-08-23,NSGNB,4,4,20.5,0,
2024-08-23,NSGNB,4,4,20.5,PS,
2024-08-23,NSGNB,5,1,5,4,2
2024-08-23,NSGNB,5,1,5,0,
2024-08-23,NSGNB,5,1,5,2,
2024-08-23,NSGNB,5,1,5,2,
2024-08-23,NSGNB,5,1,5,1,
2024-08-23,NSGNB,5,1,5,4,3
2024-08-23,NSGNB,5,2,11,4,3
2024-08-23,NSGNB,5,2,11,2,
2024-08-23,NSGNB,5,2,11,1,
2024-08-23,NSGNB,5,2,11,0,
2024-08-23,NSGNB,5,2,11,4,2
2024-08-23,NSGNB,5,3,16,3,
2024-08-23,NSGNB,5,3,16,3,
2024-08-23,NSGNB,5,3,16,4,4
2024-08-23,NSGNB,5,3,16,3.5,5
2024-08-23,NSGNB,5,3,16,3.5,5
2024-08-23,NSGNB,5,4,21,3.5,4
2024-08-23,NSGNB,5,4,21,3.5,6
2024-08-23,NSGNB,5,4,21,1,
2024-08-23,NSGNB,5,4,21,0,
2024-08-23,NSGNB,5,4,21,4,2
2024-08-23,NSGNB,5,5,28,3.5,7
2024-08-23,NSGNB,5,5,28,4,4
2024-08-23,NSGNB,5,5,28,3.5,6
2024-08-23,NSGNB,5,5,28,2,
2024-08-23,NSGNB,5,5,28,3.5,6
2024-08-23,NSGNB,5,5,28,1,
2024-09-06,FPT,1,1,7,0,
2024-09-06,FPT,1,1,7,PS,
2024-09-06,FPT,1,2,13,0,
2024-09-06,FPT,1,2,13,PS,
2024-09-06,FPT,1,3,19,0,
2024-09-06,FPT,1,4,27,3.5,8
2024-09-06,FPT,1,4,27,0,
2024-09-06,FPT,2,1,7,3.5,6
2024-09-06,FPT,2,1,7,PS,
2024-09-06,FPT,2,2,20,3.5,8
2024-09-06,FPT,2,2,20,0,
2024-09-06,FPT,2,2,20,PS,
2024-09-06,FPT,2,3,26,3.5,10
2024-09-06,FPT,2,3,26,0,
2024-09-06,FPT,2,4,34.5,0,
2024-09-06,FPT,2,4,34.5,PS,
2024-09-06,FPT,2,5,42.5,3.5,10
2024-09-06,FPT,2,5,42.5,0,
2024-09-06,FPT,3,1,11,0,
2024-09-06,FPT,3,1,11,0,
2024-09-06,FPT,3,1,11,0,
2024-09-06,FPT,3,1,11,0,
2024-09-06,FPT,3,2,21,0,
2024-09-06,FPT,3,3,31,0,
2024-09-06,FPT,3,4,40,0,
2024-09-06,FPT,3,4,40,0,
2024-09-06,FPT,3,4,40,3.5,1
2024-09-06,FPT,3,4,40,3.5,3
2024-09-06,FPT,3,4,40,3.5,6
2024-09-06,FPT,3,4,40,0,
2024-09-06,FPT,3,5,46.5,0,
2024-09-06,FPT,3,5,46.5,0,
2024-09-06,FPT,3,5,46.5,0,
2024-09-06,FPT,3,5,46.5,3.5,3
2024-09-06,FPT,4,1,7.5,4,5
2024-09-06,FPT,4,1,7.5,1,
2024-09-06,FPT,4,2,15,0,
2024-09-06,FPT,4,3,24,3.5,7
2024-09-06,FPT,4,3,24,PS,
2024-09-06,FPT,4,3,24,1,
2024-09-06,FPT,4,4,36.5,3.5,7
2024-09-06,FPT,4,4,36.5,0,
2024-09-06,FPT,4,5,41,4,8
2024-09-06,FPT,4,6,45,3.5,10
2024-09-06,FPT,4,6,45,0,
2024-09-06,FPT,5,1,7.5,4,7
2024-09-06,FPT,5,1,7.5,3.5,8
2024-09-06,FPT,5,1,7.5,0,
2024-09-06,FPT,5,1,7.5,0,
2024-09-06,FPT,5,1,7.5,3.5,7
2024-09-06,FPT,5,2,14.5,3.5,9
2024-09-06,FPT,5,2,14.5,3.5,9
2024-09-06,FPT,5,2,14.5,0,
2024-09-06,FPT,5,3,21.5,4,8
2024-09-06,FPT,5,3,21.5,0,
2024-09-06,FPT,5,4,27,4,10
2024-09-06,FPT,5,4,27,0,
2024-09-06,NCB,1,1,10,unk,
2024-09-06,NCB,1,1,10,unk,
2024-09-06,NCB,1,1,10,unk,
2024-09-06,NCB,1,1,10,unk,
2024-09-06,NCB,1,1,10,3.5,1
2024-09-06,NCB,1,2,20,4,3
2024-09-06,NCB,1,2,20,3.5,3
2024-09-06,NCB,1,2,20,3.5,4
2024-09-06,NCB,1,2,20,3.5,
2024-09-06,NCB,1,3,28,4,1
2024-09-06,NCB,1,3,28,3.5,2
2024-09-06,NCB,1,3,28,4,4
2024-09-06,NCB,1,3,28,0,
2024-09-06,NCB,1,4,35,2,
2024-09-06,NCB,1,4,35,1,
2024-09-06,NCB,1,4,35,3.5,2
2024-09-06,NCB,1,5,43,4,3
2024-09-06,NCB,1,5,43,4,7
2024-09-06,NCB,1,5,43,1,
2024-09-06,NCB,2,1,8,5,1
2024-09-06,NCB,2,1,8,4,2
2024-09-06,NCB,2,1,8,5,1
2024-09-06,NCB,2,2,13,4,1
2024-09-06,NCB,2,2,13,4,2
2024-09-06,NCB,2,2,13,2,
2024-09-06,NCB,2,3,18,4,7
2024-09-06,NCB,2,3,18,4,4
2024-09-06,NCB,2,3,18,6,
2024-09-06,NCB,2,3,18,2,
2024-09-06,NCB,3,1,14.5,4,3
2024-09-06,NCB,3,1,14.5,4,4
2024-09-06,NCB,3,1,14.5,5,3
2024-09-06,NCB,3,1,14.5,0,
2024-09-06,NCB,3,2,23,4,2
2024-09-06,NCB,3,2,23,6,
2024-09-06,NCB,3,3,30,4,1
2024-09-06,NCB,3,3,30,4,5
2024-09-06,NCB,3,3,30,4,1
2024-09-06,NCB,3,4,36.5,6,
2024-09-06,NCB,3,4,36.5,6,
2024-09-06,NCB,3,5,45.5,2,
2024-09-06,NCB,3,5,45.5,2,
2024-09-06,NCB,3,5,45.5,3.5,2
2024-09-06,NCB,4,1,5.5,4,2
2024-09-06,NCB,4,1,5.5,unk,
2024-09-06,NCB,4,2,14,4,1
2024-09-06,NCB,4,2,14,4,3
2024-09-06,NCB,4,2,14,4,3
2024-09-06,NCB,4,3,20,4,5
2024-09-06,NCB,4,3,20,6,
2024-09-06,NCB,4,3,20,6,
2024-09-06,NCB,4,3,20,0,
2024-09-06,NCB,4,3,20,4,4
2024-09-06,NCB,4,4,27,unk,
2024-09-06,NCB,4,4,27,4,2
2024-09-06,NCB,4,4,27,3.5,2
2024-09-06,NCB,4,4,27,4,2
2024-09-06,NCB,4,4,27,0,
2024-09-06,NCB,5,1,9,unk,
2024-09-06,NCB,5,1,9,unk,
2024-09-06,NCB,5,1,9,5,3
2024-09-06,NCB,5,2,17,5,2
2024-09-06,NCB,5,2,17,5,1
2024-09-06,NCB,5,2,17,4,3
2024-09-06,NCB,5,3,22.5,2,
2024-09-06,NCB,5,3,22.5,6,
2024-09-06,NCB,5,4,26,5,1
2024-09-06,NCB,5,4,26,5,1
2024-09-06,NSGNB,1,1,4,0,
2024-09-06,NSGNB,1,1,4,3.5,5
2024-09-06,NSGNB,1,2,10,3.5,7
2024-09-06,NSGNB,1,2,10,0,
2024-09-06,NSGNB,1,3,15.5,3.5,7
2024-09-06,NSGNB,1,3,15.5,PS,
2024-09-06,NSGNB,1,4,18.5,3.5,9
2024-09-06,NSGNB,1,4,18.5,PS,
2024-09-06,NSGNB,2,1,4,3.5,6
2024-09-06,NSGNB,2,1,4,1,
2024-09-06,NSGNB,2,2,10,3.5,6
2024-09-06,NSGNB,2,2,10,PS,
2024-09-06,NSGNB,2,3,14.5,0,
2024-09-06,NSGNB,2,4,20,1,
2024-09-06,NSGNB,2,4,20,0,
2024-09-06,NSGNB,3,1,3,PS,
2024-09-06,NSGNB,3,2,7,0,
2024-09-06,NSGNB,3,3,10,PS,
2024-09-06,NSGNB,3,4,16,0,
2024-09-06,NSGNB,4,1,3,4,4
2024-09-06,NSGNB,4,1,3,3.5,6
2024-09-06,NSGNB,4,2,6,4,3
2024-09-06,NSGNB,4,2,6,3.5,6
2024-09-06,NSGNB,4,2,6,0,
2024-09-06,NSGNB,4,3,10,0,
2024-09-06,NSGNB,4,3,10,0,
2024-09-06,NSGNB,4,3,10,2,
2024-09-06,NSGNB,4,4,16,4,8
2024-09-06,NSGNB,4,4,16,3.5,10
2024-09-06,NSGNB,4,4,16,0,
2024-09-06,NSGNB,5,1,5,0,
2024-09-06,NSGNB,5,2,11,0,
2024-09-06,NSGNB,5,2,11,PS,
2024-09-06,NSGNB,5,3,17,PS,
2024-09-06,NSGNB,5,3,17,PS,
2024-09-06,NSGNB,5,4,25,0,
2024-09-11,FMI,1,1,4,4,6
2024-09-11,FMI,1,1,4,0,
2024-09-11,FMI,1,1,4,3.5,6
2024-09-11,FMI,1,1,4,4,3
2024-09-11,FMI,1,2,9,4,3
2024-09-11,FMI,1,2,9,4,6
2024-09-11,FMI,1,2,9,0,
2024-09-11,FMI,1,2,9,0,
2024-09-11,FMI,1,2,9,3.5,9
2024-09-11,FMI,1,3,15,3.5,7
2024-09-11,FMI,1,3,15,0,
2024-09-11,FMI,1,3,15,4,1
2024-09-11,FMI,1,4,29,4,5
2024-09-11,FMI,1,4,29,0,
2024-09-11,FMI,1,4,29,3,
2024-09-11,FMI,1,4,29,4,7
2024-09-11,FMI,2,1,4,3.5,6
2024-09-11,FMI,2,1,4,PS,
2024-09-11,FMI,2,2,13,0,
2024-09-11,FMI,2,2,13,3.5,8
2024-09-11,FMI,2,3,18,3.5,11
2024-09-11,FMI,2,3,18,0,
2024-09-11,FMI,3,1,3,1,
2024-09-11,FMI,3,1,3,4,3
2024-09-11,FMI,3,1,3,0,
2024-09-11,FMI,3,1,3,4,4
2024-09-11,FMI,3,2,8,4,4
2024-09-11,FMI,3,2,8,3.5,6
2024-09-11,FMI,3,2,8,2,
2024-09-11,FMI,3,2,8,PS,
2024-09-11,FMI,3,3,14,4,5
2024-09-11,FMI,3,3,14,3.5,7
2024-09-11,FMI,3,3,14,0,
2024-09-11,FMI,3,3,14,PS,
2024-09-11,FMI,3,4,21,3.5,8
2024-09-11,FMI,3,4,21,1,
2024-09-11,FMI,4,1,4,3.5,3
2024-09-11,FMI,4,2,7,3.5,3
2024-09-11,FMI,4,2,7,3.5,4
2024-09-11,FMI,4,2,7,0,
2024-09-11,FMI,4,3,12,3.5,5
2024-09-11,FMI,4,3,12,1,
2024-09-11,FMI,4,3,12,PS,
2024-09-11,FMI,4,4,19,4,3
2024-09-11,FMI,4,4,19,3.5,7
2024-09-11,FMI,4,4,19,0,
2024-09-11,FMI,4,4,19,PS,
2024-09-11,FMI,5,1,7,3.5,3
2024-09-11,FMI,5,2,11,3.5,3
2024-09-11,FMI,5,2,11,PS,
2024-09-11,FMI,5,3,15,4,2
2024-09-11,FMI,5,3,15,3.5,3
2024-09-11,FMI,5,3,15,PS,
2024-09-23,FMI,1,1,4,3.5,8
2024-09-23,FMI,1,1,4,0,
2024-09-23,FMI,1,1,4,3,
2024-09-23,FMI,1,2,8.5,3.5,8
2024-09-23,FMI,1,2,8.5,0,
2024-09-23,FMI,1,3,14,3.5,8
2024-09-23,FMI,1,3,14,0,
2024-09-23,FMI,1,4,18,4,5
2024-09-23,FMI,1,4,18,3.5,7
2024-09-23,FMI,1,4,18,0,
2024-09-23,FMI,2,1,3.5,4,6
2024-09-23,FMI,2,1,3.5,3.5,3
2024-09-23,FMI,2,1,3.5,0,
2024-09-23,FMI,2,1,3.5,4,3
2024-09-23,FMI,2,2,7,5,4
2024-09-23,FMI,2,2,7,4,3
2024-09-23,FMI,2,2,7,3.5,6
2024-09-23,FMI,2,3,12,4,6
2024-09-23,FMI,2,3,12,4,3
2024-09-23,FMI,2,3,12,3,
2024-09-23,FMI,2,4,18,0,
2024-09-23,FMI,2,4,18,4,9
2024-09-23,FMI,2,4,18,3.5,8
2024-09-23,FMI,3,1,1,1,
2024-09-23,FMI,3,2,6,0,
2024-09-23,FMI,3,3,12,0,
2024-09-23,FMI,3,4,20,1,
2024-09-23,FMI,4,1,2,3.5,7
2024-09-23,FMI,4,1,2,0,
2024-09-23,FMI,4,2,7,3.5,8
2024-09-23,FMI,4,2,7,0,
2024-09-23,FMI,4,3,12,0,
2024-09-23,FMI,4,3,12,PS,
2024-09-23,FMI,4,4,21.5,1,
2024-09-23,FMI,4,4,21.5,3.5,9
2024-09-23,FMI,5,1,5.5,4,4
2024-09-23,FMI,5,1,5.5,4,2
2024-09-23,FMI,5,1,5.5,3.5,3
2024-09-23,FMI,5,2,11,5,5
2024-09-23,FMI,5,2,11,4,4
2024-09-23,FMI,5,2,11,1,
2024-09-23,FMI,5,2,11,3.5,4
2024-09-23,FMI,5,3,15,4,5
2024-09-23,FMI,5,4,20,4,6
2024-09-23,FMI,5,4,20,0,
2024-09-23,FMI,5,4,20,3.5,5
2024-09-23,FPT,1,1,10,5,4
2024-09-23,FPT,1,1,10,5,3
2024-09-23,FPT,1,1,10,4,3
2024-09-23,FPT,1,1,10,3.5,5
2024-09-23,FPT,1,1,10,unk,
2024-09-23,FPT,1,1,10,unk,
2024-09-23,FPT,1,2,17.5,unk,
2024-09-23,FPT,1,2,17.5,unk,
2024-09-23,FPT,1,2,17.5,5,2
2024-09-23,FPT,1,2,17.5,5,4
2024-09-23,FPT,1,2,17.5,4,5
2024-09-23,FPT,1,2,17.5,3.5,5
2024-09-23,FPT,1,3,23.5,unk,
2024-09-23,FPT,1,3,23.5,unk,
2024-09-23,FPT,1,4,32.5,unk,
2024-09-23,FPT,1,4,32.5,5,4
2024-09-23,FPT,1,4,32.5,5,5
2024-09-23,FPT,1,4,32.5,6,
2024-09-23,FPT,1,5,38,unk,
2024-09-23,FPT,1,5,38,3.5,6
2024-09-23,FPT,1,5,38,0,
2024-09-23,FPT,2,1,15,4,2
2024-09-23,FPT,2,1,15,3.5,4
2024-09-23,FPT,2,2,22,4,7
2024-09-23,FPT,2,2,22,0,
2024-09-23,FPT,2,3,31,4,5
2024-09-23,FPT,2,4,34,4,4
2024-09-23,FPT,2,4,34,1,
2024-09-23,FPT,3,1,9,0,
2024-09-23,FPT,3,1,9,4,3
2024-09-23,FPT,3,2,17,0,
2024-09-23,FPT,3,2,17,4,4
2024-09-23,FPT,3,2,17,3.5,6
2024-09-23,FPT,3,3,22.5,unk,
2024-09-23,FPT,3,3,22.5,3.5,7
2024-09-23,FPT,3,4,34,5,7
2024-09-23,FPT,3,4,34,0,
2024-09-23,FPT,3,4,34,4,8
2024-09-23,FPT,4,1,6,5,5
2024-09-23,FPT,4,1,6,3.5,3
2024-09-23,FPT,4,1,6,0,
2024-09-23,FPT,4,2,11.5,5,2
2024-09-23,FPT,4,2,11.5,4,2
2024-09-23,FPT,4,2,11.5,3.5,4
2024-09-23,FPT,4,2,11.5,5,4
2024-09-23,FPT,4,3,17,5,4
2024-09-23,FPT,4,3,17,4,5
2024-09-23,FPT,4,3,17,0,
2024-09-23,FPT,4,3,17,4,7
2024-09-23,FPT,4,4,19.5,5,1
2024-09-23,FPT,4,4,19.5,3.5,4
2024-09-23,FPT,4,4,19.5,5,7
2024-09-23,FPT,4,4,19.5,5,6
2024-09-23,FPT,4,4,19.5,0,
2024-09-23,FPT,5,1,3,4,2
2024-09-23,FPT,5,1,3,3.5,2
2024-09-23,FPT,5,1,3,0,
2024-09-23,FPT,5,1,3,unk,
2024-09-23,FPT,5,2,8.5,4,4
2024-09-23,FPT,5,2,8.5,3.5,6
2024-09-23,FPT,5,2,8.5,PS,
2024-09-23,FPT,5,3,14.5,5,5
2024-09-23,FPT,5,3,14.5,4,4
2024-09-23,FPT,5,3,14.5,0,
2024-09-23,FPT,5,4,21,5,1
2024-09-23,FPT,5,5,33,4,7
2024-09-23,FPT,5,5,33,3.5,8
2024-09-23,FPT,5,5,33,PS,
2024-09-23,NSGNB,1,1,8,5,2
2024-09-23,NSGNB,1,1,8,unk,
2024-09-23,NSGNB,1,2,12,5,3
2024-09-23,NSGNB,1,2,12,unk,
2024-09-23,NSGNB,1,2,12,unk,
2024-09-23,NSGNB,1,3,17,4,3
2024-09-23,NSGNB,1,3,17,5,4
2024-09-23,NSGNB,1,3,17,unk,
2024-09-23,NSGNB,1,4,24,4,4
2024-09-23,NSGNB,1,4,24,4,3
2024-09-23,NSGNB,1,4,24,0,
2024-09-23,NSGNB,2,1,4,0,
2024-09-23,NSGNB,2,1,4,4,3
2024-09-23,NSGNB,2,2,8,3.5,6
2024-09-23,NSGNB,2,2,8,0,
2024-09-23,NSGNB,2,3,10,3.5,6
2024-09-23,NSGNB,2,3,10,3.5,7
2024-09-23,NSGNB,2,4,15,0,
2024-09-23,NSGNB,2,4,15,3.5,6
2024-09-23,NSGNB,3,1,4,unk,
2024-09-23,NSGNB,3,2,9.5,unk,
2024-09-23,NSGNB,3,2,9.5,5,3
2024-09-23,NSGNB,3,3,15,5,3
2024-09-23,NSGNB,3,3,15,4,2
2024-09-23,NSGNB,3,3,15,unk,
2024-09-23,NSGNB,3,4,19.5,5,5
2024-09-23,NSGNB,3,4,19.5,3.5,3
2024-09-23,NSGNB,3,4,19.5,0,
2024-09-23,NSGNB,3,5,27,4,3
2024-09-23,NSGNB,3,5,27,3.5,6
2024-09-23,NSGNB,3,5,27,PS,
2024-09-23,NSGNB,4,1,1,4,1
2024-09-23,NSGNB,4,1,1,5,2
2024-09-23,NSGNB,4,1,1,unk,
2024-09-23,NSGNB,4,2,5.5,unk,
2024-09-23,NSGNB,4,2,5.5,unk,
2024-09-23,NSGNB,4,2,5.5,unk,
2024-09-23,NSGNB,4,3,11,5,3
2024-09-23,NSGNB,4,3,11,unk,
2024-09-23,NSGNB,4,4,16.5,3.5,4
2024-09-23,NSGNB,4,4,16.5,5,6
2024-09-23,NSGNB,4,4,16.5,0,
2024-09-23,NSGNB,4,5,26.5,0,
2024-09-23,NSGNB,4,5,26.5,4,3
2024-09-23,NSGNB,4,5,26.5,5,3
2024-09-23,NSGNB,5,1,5,3.5,4
2024-09-23,NSGNB,5,1,5,0,
2024-09-23,NSGNB,5,2,10,3.5,6
2024-09-23,NSGNB,5,2,10,PS,
2024-09-23,NSGNB,5,3,20,0,
2024-09-23,NSGNB,5,3,20,PS,
2024-10-08,FMI,1,1,7,0,
2024-10-08,FMI,1,2,15.5,0,
2024-10-08,FMI,1,3,29,0,
2024-10-08,FMI,2,1,3.5,4,3
2024-10-08,FMI,2,1,3.5,6,
2024-10-08,FMI,2,1,3.5,unk,
2024-10-08,FMI,2,1,3.5,unk,
2024-10-08,FMI,2,1,3.5,5,1
2024-10-08,FMI,2,2,7.5,5,1
2024-10-08,FMI,2,2,7.5,6,
2024-10-08,FMI,2,2,7.5,unk,
2024-10-08,FMI,2,3,13.5,unk,
2024-10-08,FMI,2,3,13.5,unk,
2024-10-08,FMI,2,3,13.5,6,
2024-10-08,FMI,2,4,22,unk,
2024-10-08,FMI,2,4,22,6,
2024-10-08,FMI,3,1,4,4,1
2024-10-08,FMI,3,2,8,4,4
2024-10-08,FMI,3,2,8,3.5,2
2024-10-08,FMI,3,3,12.5,5,1
2024-10-08,FMI,3,3,12.5,unk,
2024-10-08,FMI,3,4,20,5,1
2024-10-08,FMI,3,4,20,3.5,4
2024-10-08,FMI,4,1,4,2,
2024-10-08,FMI,4,1,4,0,
2024-10-08,FMI,4,2,9.5,4,4
2024-10-08,FMI,4,2,9.5,4,4
2024-10-08,FMI,4,2,9.5,3.5,5
2024-10-08,FMI,4,3,17,4,2
2024-10-08,FMI,4,3,17,unk,
2024-10-08,FMI,4,4,20,5,4
2024-10-08,FMI,5,1,7,5,4
2024-10-08,FMI,5,1,7,4,2
2024-10-08,FMI,5,2,13,4,1
2024-10-08,FMI,5,2,13,3.5,4
2024-10-08,FMI,5,3,20,5,1
2024-10-08,FMI,5,3,20,3.5,5
2024-10-08,FMI,5,3,20,unk,
2024-10-08,FMI,5,4,27,5,3
2024-10-08,FMI,5,4,27,4,3
2024-10-08,FMI,5,4,27,4,4
2024-10-08,FMI,5,4,27,3.5,3
2024-10-08,FMI,5,5,34,5,4
2024-10-08,FMI,5,5,34,4,4
2024-10-08,FMI,5,5,34,unk,
2024-10-08,FPT,1,1,8,4,4
2024-10-08,FPT,1,1,8,4,1
2024-10-08,FPT,1,1,8,4,3
2024-10-08,FPT,1,2,15,4,5
2024-10-08,FPT,1,2,15,5,2
2024-10-08,FPT,1,2,15,4,4
2024-10-08,FPT,1,2,15,3.5,4
2024-10-08,FPT,1,3,32,5,3
2024-10-08,FPT,1,3,32,4,6
2024-10-08,FPT,1,3,32,6,
2024-10-08,FPT,1,4,38,4,6
2024-10-08,FPT,1,4,38,PS,
2024-10-08,FPT,1,4,38,3.5,5
2024-10-08,FPT,2,1,8,unk,
2024-10-08,FPT,2,1,8,5,2
2024-10-08,FPT,2,1,8,4,5
2024-10-08,FPT,2,1,8,3.5,4
2024-10-08,FPT,2,1,8,0,
2024-10-08,FPT,2,2,23,unk,
2024-10-08,FPT,2,3,27,6,
2024-10-08,FPT,2,4,33.5,4,6
2024-10-08,FPT,2,4,33.5,5,6
2024-10-08,FPT,2,5,39.5,4,2
2024-10-08,FPT,2,5,39.5,3.5,5
2024-10-08,FPT,2,5,39.5,PS,
2024-10-08,FPT,3,1,7,4,6
2024-10-08,FPT,3,1,7,6,
2024-10-08,FPT,3,1,7,0,
2024-10-08,FPT,3,1,7,4,4
2024-10-08,FPT,3,2,16,5,8
2024-10-08,FPT,3,2,16,4,3
2024-10-08,FPT,3,2,16,5,5
2024-10-08,FPT,3,2,16,3.5,2
2024-10-08,FPT,3,3,26,unk,
2024-10-08,FPT,3,4,29.5,5,6
2024-10-08,FPT,3,4,29.5,4,5
2024-10-08,FPT,4,1,12,0,
2024-10-08,FPT,4,2,19,0,
2024-10-08,FPT,4,3,27,3.5,6
2024-10-08,FPT,4,3,27,PS,
2024-10-08,FPT,5,1,5,0,
2024-10-08,FPT,5,1,5,4,5
2024-10-08,FPT,5,1,5,3.5,5
2024-10-08,FPT,5,2,13.5,0,
2024-10-08,FPT,5,2,13.5,4,7
2024-10-08,FPT,5,2,13.5,3.5,7
2024-10-08,FPT,5,3,22,0,
2024-10-08,FPT,5,3,22,4,8
2024-10-08,FPT,5,3,22,3.5,6
2024-10-08,FPT,5,4,27,5,9
2024-10-08,FPT,5,5,34,4,7
2024-10-08,FPT,5,6,41.5,3.5,8
2024-10-08,FPT,5,6,41.5,PS,
2024-10-08,NSGNB,1,1,4.5,PS,
2024-10-08,NSGNB,1,2,15,1,
2024-10-08,NSGNB,2,1,2,PS,
2024-10-08,NSGNB,2,1,2,3.5,5
2024-10-08,NSGNB,2,2,5.5,1,
2024-10-08,NSGNB,2,3,10.5,3.5,7
2024-10-08,NSGNB,2,4,12,0,
2024-10-08,NSGNB,3,1,3,unk,
2024-10-08,NSGNB,3,1,3,4,2
2024-10-08,NSGNB,3,1,3,3.5,2
2024-10-08,NSGNB,3,2,6,unk,
2024-10-08,NSGNB,3,2,6,unk,
2024-10-08,NSGNB,3,2,6,unk,
2024-10-08,NSGNB,3,2,6,unk,
2024-10-08,NSGNB,3,3,10,unk,
2024-10-08,NSGNB,3,3,10,3.5,4
2024-10-08,NSGNB,3,3,10,3.5,2
2024-10-08,NSGNB,3,3,10,5,4
2024-10-08,NSGNB,3,4,17,unk,
2024-10-08,NSGNB,3,4,17,6,
2024-10-08,NSGNB,3,4,17,4,3
2024-10-08,NSGNB,3,4,17,0,
2024-10-08,NSGNB,4,1,4,unk,
2024-10-08,NSGNB,4,1,4,4,2
2024-10-08,NSGNB,4,2,7,unk,
2024-10-08,NSGNB,4,3,11,4,1
2024-10-08,NSGNB,4,3,11,5,2
2024-10-08,NSGNB,4,4,15,3.5,2
2024-10-08,NSGNB,5,1,2.5,unk,
2024-10-08,NSGNB,5,1,2.5,6,
2024-10-08,NSGNB,5,2,8,5,3
2024-10-08,NSGNB,5,2,8,4,2
2024-10-08,NSGNB,5,2,8,unk,
2024-10-08,NSGNB,5,3,13,unk,
2024-10-08,NSGNB,5,3,13,unk,
2024-10-08,NSGNB,5,4,21,1,
2024-10-21,FMI,1,1,5,1,
2024-10-21,FMI,1,1,5,3.5,5
2024-10-21,FMI,1,2,11,4,7
2024-10-21,FMI,1,2,11,2,
2024-10-21,FMI,1,3,17.5,4,8
2024-10-21,FMI,2,1,10.5,5,8
2024-10-21,FMI,2,1,10.5,4,3
2024-10-21,FMI,2,1,10.5,3.5,6
2024-10-21,FMI,2,2,18,1,
2024-10-21,FMI,2,2,18,2,
2024-10-21,FMI,2,3,27.5,4,6
2024-10-21,FMI,2,3,27.5,0,
2024-10-21,FMI,2,3,27.5,2,
2024-10-21,FMI,3,1,6,1,
2024-10-21,FMI,3,1,6,4,9
2024-10-21,FMI,3,1,6,2,
2024-10-21,FMI,3,2,10,2,
2024-10-21,FMI,3,2,10,4,8
2024-10-21,FMI,3,3,15.5,1,
2024-10-21,FMI,3,3,15.5,2,
2024-10-21,FMI,3,4,24,4,4
2024-10-21,FMI,3,4,24,unk,
2024-10-21,FMI,4,1,2.5,PS,
2024-10-21,FMI,4,2,5,PS,
2024-10-21,FMI,4,3,10,PS,
2024-10-21,FMI,4,3,10,PS,
2024-10-21,FMI,4,4,15.5,1,
2024-10-21,FMI,4,4,15.5,PS,
2024-10-21,FMI,5,1,6,0,
2024-10-21,FMI,5,1,6,4,5
2024-10-21,FMI,5,1,6,unk,
2024-10-21,FMI,5,2,12,6,
2024-10-21,FMI,5,2,12,unk,
2024-10-21,FMI,5,3,18.5,1,
2024-10-21,FMI,5,3,18.5,3.5,6
2024-10-21,FMI,5,4,27,PS,
2024-10-21,FMI,5,4,27,4,8
2024-10-21,FMI,5,4,27,2,
2024-10-21,FPT,1,1,4,PS,
2024-10-21,FPT,1,2,11,0,
2024-10-21,FPT,1,2,11,3.5,2
2024-10-21,FPT,1,2,11,2,
2024-10-21,FPT,1,3,20,0,
2024-10-21,FPT,1,3,20,2,
2024-10-21,FPT,1,4,29,0,
2024-10-21,FPT,1,5,35.5,0,
2024-10-21,FPT,1,5,35.5,3.5,10
2024-10-21,FPT,1,5,35.5,4,10
2024-10-21,FPT,2,1,16,2,
2024-10-21,FPT,2,2,22.5,6,
2024-10-21,FPT,2,2,22.5,6,
2024-10-21,FPT,2,2,22.5,unk,
2024-10-21,FPT,2,3,36,unk,
2024-10-21,FPT,3,1,6,0,
2024-10-21,FPT,3,1,6,3.5,6
2024-10-21,FPT,3,1,6,3.5,1
2024-10-21,FPT,3,2,15.5,4,10
2024-10-21,FPT,3,2,15.5,0,
2024-10-21,FPT,3,3,21,0,
2024-10-21,FPT,3,3,21,unk,
2024-10-21,FPT,3,4,29.5,4,12
2024-10-21,FPT,3,4,29.5,3.5,4
2024-10-21,FPT,3,4,29.5,0,
2024-10-21,FPT,3,5,32,4,9
2024-10-21,FPT,3,5,32,2,
2024-10-21,FPT,4,1,16,3.5,4
2024-10-21,FPT,4,2,22.5,2,
2024-10-21,FPT,4,3,33,3,
2024-10-21,FPT,5,1,16.5,6,
2024-10-21,FPT,5,2,25,6,
2024-10-21,FPT,5,3,30,3.5,8
2024-10-21,FPT,5,4,44,4,7
2024-10-21,FPT,5,4,44,2,
2024-10-21,FPT,5,4,44,unk,
2024-10-21,NSGNB,1,1,13,4,6
2024-10-21,NSGNB,1,1,13,3.5,4
2024-10-21,NSGNB,1,2,17,4,5
2024-10-21,NSGNB,1,2,17,1,
2024-10-21,NSGNB,1,3,25,4,3
2024-10-21,NSGNB,1,3,25,2,
2024-10-21,NSGNB,2,1,6,1,
2024-10-21,NSGNB,2,1,6,3.5,5
2024-10-21,NSGNB,2,2,12.5,PS,
2024-10-21,NSGNB,2,2,12.5,unk,
2024-10-21,NSGNB,2,3,25,4,6
2024-10-21,NSGNB,2,3,25,2,
2024-10-21,NSGNB,3,1,10.5,0,
2024-10-21,NSGNB,3,2,18,0,
2024-10-21,NSGNB,3,2,18,0,
2024-10-21,NSGNB,4,1,6,unk,
2024-10-21,NSGNB,4,1,6,unk,
2024-10-21,NSGNB,4,2,11.5,unk,
2024-10-21,NSGNB,4,2,11.5,unk,
2024-10-21,NSGNB,4,3,17,unk,
2024-10-21,NSGNB,4,4,23,unk,
2024-10-21,NSGNB,4,4,23,unk,
2024-10-21,NSGNB,5,1,5,3.5,3
2024-10-21,NSGNB,5,1,5,1,
2024-10-21,NSGNB,5,2,9,1,
2024-10-21,NSGNB,5,3,12.5,unk,
2024-10-21,NSGNB,5,4,20,0,
